-1313,160,50,sand
-1313,161,50,sand
-1313,162,50,sand
-1313,163,51,sand
-1313,164,51,sand
-1313,165,51,sand
-1313,166,51,sand
-1313,167,51,sand
-1313,168,51,sand
-1313,169,52,sand
-1313,170,52,sand
-1313,171,52,sand
-1313,172,52,sand
-1313,173,53,sand
-1313,174,53,sand
-1313,175,53,sand
-1313,192,51,sand
-1313,193,51,sand
-1313,194,51,sand
-1313,195,51,sand
-1313,196,51,sand
-1313,197,51,sand
-1313,198,51,sand
-1313,199,51,sand
-1313,200,50,sand
-1313,201,50,sand
-1313,202,50,sand
-1313,203,50,sand
-1313,204,50,sand
-1313,205,50,sand
-1313,206,50,sand
-1313,207,50,sand
-1313,208,50,sand
-1313,209,50,sand
-1313,210,50,sand
-1313,211,50,sand
-1313,212,50,sand
-1313,213,50,sand
-1313,214,50,sand
-1313,215,50,sand
-1313,216,50,sand
-1313,217,50,sand
-1313,218,50,sand
-1313,219,50,sand
-1313,220,50,sand
-1313,221,51,sand
-1313,222,51,sand
-1313,223,51,sand
-1313,224,51,sand
-1313,225,52,sand
-1313,226,52,sand
-1313,227,52,sand
-1313,228,53,sand
-1313,229,53,sand
-1313,230,53,sand
-1313,231,53,sand
-1313,232,53,sand
-1313,233,54,sand
-1313,234,54,sand
-1313,235,54,sand
-1313,236,54,sand
-1313,237,54,sand
-1313,238,54,sand
-1313,239,54,sand
-1313,240,54,sand
-1313,241,54,sand
-1313,242,54,sand
-1313,243,54,sand
-1313,244,54,sand
-1313,245,54,sand
-1313,246,54,sand
-1313,247,54,sand
-1313,248,54,sand
-1313,249,53,sand
-1313,250,53,sand
-1313,251,53,sand
-1313,252,53,sand
-1313,253,53,sand
-1313,254,53,sand
-1313,255,53,sand
-1312,159,50,sand
-1312,176,53,sand
-1312,191,51,sand
-1312,256,53,sand
-1311,159,51,sand
-1311,176,53,sand
-1311,191,51,sand
-1311,256,53,sand
-1310,159,51,sand
-1310,176,53,sand
-1310,191,51,sand
-1310,256,53,sand
-1309,159,51,sand
-1309,176,53,sand
-1309,191,51,sand
-1309,256,54,sand
-1308,159,51,sand
-1308,176,53,sand
-1308,191,51,sand
-1308,256,54,sand
-1307,159,51,sand
-1307,176,53,sand
-1307,191,51,sand
-1307,256,54,sand
-1306,159,52,sand
-1306,176,54,sand
-1306,191,51,sand
-1306,256,54,sand
-1305,159,52,sand
-1305,176,54,sand
-1305,191,52,sand
-1305,256,54,sand
-1304,159,52,sand
-1304,176,54,sand
-1304,191,52,sand
-1304,256,54,sand
-1303,159,52,sand
-1303,176,54,sand
-1303,191,52,sand
-1303,256,54,sand
-1302,159,52,sand
-1302,176,54,sand
-1302,191,52,sand
-1302,256,54,sand
-1301,159,52,sand
-1301,176,54,sand
-1301,191,52,sand
-1301,256,54,sand
-1300,159,52,sand
-1300,176,54,sand
-1300,191,52,sand
-1300,256,54,sand
-1299,159,52,sand
-1299,176,54,sand
-1299,191,52,sand
-1299,256,54,sand
-1298,159,53,sand
-1298,176,54,sand
-1298,191,52,sand
-1298,256,54,sand
-1297,112,48,sand
-1297,113,48,sand
-1297,114,48,sand
-1297,115,49,sand
-1297,116,49,sand
-1297,117,50,sand
-1297,118,50,sand
-1297,119,50,sand
-1297,120,51,sand
-1297,121,51,sand
-1297,122,51,sand
-1297,123,52,sand
-1297,124,52,sand
-1297,125,52,sand
-1297,126,52,sand
-1297,127,52,sand
-1297,128,52,sand
-1297,129,52,sand
-1297,130,53,sand
-1297,131,53,sand
-1297,132,53,sand
-1297,133,53,sand
-1297,134,53,sand
-1297,135,53,sand
-1297,136,54,sand
-1297,137,54,sand
-1297,138,54,sand
-1297,139,54,sand
-1297,140,54,sand
-1297,141,54,sand
-1297,142,54,sand
-1297,143,55,sand
-1297,144,55,sand
-1297,145,55,sand
-1297,146,55,sand
-1297,147,55,sand
-1297,148,55,sand
-1297,149,54,sand
-1297,150,54,sand
-1297,151,54,sand
-1297,152,54,sand
-1297,153,54,sand
-1297,154,54,sand
-1297,155,54,sand
-1297,156,53,sand
-1297,157,53,sand
-1297,158,53,sand
-1297,159,53,sand
-1297,176,54,sand
-1297,177,54,sand
-1297,178,54,sand
-1297,179,53,sand
-1297,180,53,sand
-1297,181,53,sand
-1297,182,53,sand
-1297,183,53,sand
-1297,184,53,sand
-1297,185,53,sand
-1297,186,53,sand
-1297,187,53,sand
-1297,188,53,sand
-1297,189,53,sand
-1297,190,52,sand
-1297,191,52,sand
-1297,256,54,sand
-1297,257,54,sand
-1297,258,54,sand
-1297,259,54,sand
-1297,260,54,sand
-1297,261,54,sand
-1297,262,54,sand
-1297,263,54,sand
-1297,264,54,sand
-1297,265,54,sand
-1297,266,54,sand
-1297,267,54,sand
-1297,268,54,sand
-1297,269,54,sand
-1297,270,53,sand
-1297,271,53,sand
-1297,272,53,sand
-1297,273,53,sand
-1297,274,53,sand
-1297,275,53,sand
-1297,276,53,sand
-1297,277,53,sand
-1297,278,52,sand
-1297,279,52,sand
-1297,280,52,sand
-1297,281,52,sand
-1297,282,52,sand
-1297,283,52,sand
-1297,284,52,sand
-1297,285,52,sand
-1297,286,52,sand
-1297,287,52,sand
-1297,288,52,sand
-1297,289,52,sand
-1297,290,51,sand
-1297,291,51,sand
-1297,292,51,sand
-1297,293,51,sand
-1297,294,51,sand
-1297,295,50,sand
-1297,296,50,sand
-1297,297,50,sand
-1297,298,49,sand
-1297,299,49,sand
-1297,300,49,sand
-1297,301,49,sand
-1297,302,50,sand
-1297,303,50,sand
-1296,111,48,sand
-1296,304,50,sand
-1295,111,48,sand
-1295,304,50,sand
-1294,111,48,sand
-1294,304,50,sand
-1293,111,48,sand
-1293,304,50,sand
-1292,111,49,sand
-1292,304,50,sand
-1291,111,49,sand
-1291,304,50,sand
-1290,111,49,sand
-1290,304,50,sand
-1289,111,50,sand
-1289,304,50,sand
-1288,111,50,sand
-1288,304,51,sand
-1287,111,50,sand
-1287,304,51,sand
-1286,111,50,sand
-1286,304,51,sand
-1285,111,51,sand
-1285,304,51,sand
-1284,111,51,sand
-1284,304,51,sand
-1283,111,51,sand
-1283,304,51,sand
-1282,111,52,sand
-1282,304,51,sand
-1281,96,52,sand
-1281,97,52,sand
-1281,98,52,sand
-1281,99,52,sand
-1281,100,52,sand
-1281,101,52,sand
-1281,102,51,sand
-1281,103,51,sand
-1281,104,51,sand
-1281,105,51,sand
-1281,106,51,sand
-1281,107,51,sand
-1281,108,51,sand
-1281,109,51,sand
-1281,110,51,sand
-1281,111,52,sand
-1281,304,51,sand
-1281,305,51,sand
-1281,306,51,sand
-1281,307,51,sand
-1281,308,51,sand
-1281,309,51,sand
-1281,310,51,sand
-1281,311,51,sand
-1281,312,51,sand
-1281,313,51,sand
-1281,314,51,sand
-1281,315,51,sand
-1281,316,51,sand
-1281,317,51,sand
-1281,318,51,sand
-1281,319,51,sand
-1280,95,52,sand
-1280,320,51,sand
-1279,95,52,sand
-1279,320,51,sand
-1278,95,52,sand
-1278,320,51,sand
-1277,95,53,sand
-1277,320,51,sand
-1276,95,53,sand
-1276,320,51,sand
-1275,95,53,sand
-1275,320,52,sand
-1274,95,53,sand
-1274,320,52,sand
-1273,95,54,sand
-1273,320,52,sand
-1272,95,54,sand
-1272,320,52,sand
-1271,95,54,sand
-1271,320,52,sand
-1270,95,54,sand
-1270,320,52,sand
-1269,95,54,sand
-1269,320,52,sand
-1268,95,54,sand
-1268,320,52,sand
-1267,95,54,sand
-1267,320,52,sand
-1266,95,54,sand
-1266,320,52,sand
-1265,64,51,sand
-1265,65,51,sand
-1265,66,52,sand
-1265,67,52,sand
-1265,68,52,sand
-1265,69,52,sand
-1265,70,53,sand
-1265,71,53,sand
-1265,72,53,sand
-1265,73,53,sand
-1265,74,54,sand
-1265,75,54,sand
-1265,76,54,sand
-1265,77,54,sand
-1265,78,54,sand
-1265,79,55,sand
-1265,80,55,sand
-1265,81,55,sand
-1265,82,55,sand
-1265,83,55,sand
-1265,84,55,sand
-1265,85,55,sand
-1265,86,55,sand
-1265,87,55,sand
-1265,88,55,sand
-1265,89,55,sand
-1265,90,54,sand
-1265,91,54,sand
-1265,92,54,sand
-1265,93,53,sand
-1265,94,54,sand
-1265,95,54,sand
-1265,320,53,sand
-1265,321,53,sand
-1265,322,53,sand
-1265,323,54,sand
-1265,324,54,sand
-1265,325,54,sand
-1265,326,54,sand
-1265,327,54,sand
-1265,328,53,sand
-1265,329,53,sand
-1265,330,53,sand
-1265,331,53,sand
-1265,332,53,sand
-1265,333,53,sand
-1265,334,53,sand
-1265,335,53,sand
-1264,63,51,sand
-1264,336,53,sand
-1263,63,51,sand
-1263,336,53,sand
-1262,63,51,sand
-1262,336,53,sand
-1261,63,51,sand
-1261,336,52,sand
-1260,63,52,sand
-1260,336,52,sand
-1259,63,52,sand
-1259,336,52,sand
-1258,63,52,sand
-1258,336,51,sand
-1257,63,51,sand
-1257,336,51,sand
-1256,63,51,sand
-1256,336,51,sand
-1255,63,51,sand
-1255,336,51,sand
-1254,63,51,sand
-1254,336,51,sand
-1253,63,51,sand
-1253,336,51,sand
-1252,63,51,sand
-1252,336,51,sand
-1251,63,51,sand
-1251,336,51,sand
-1250,63,51,sand
-1250,336,51,sand
-1249,32,50,sand
-1249,33,50,sand
-1249,34,50,sand
-1249,35,50,sand
-1249,36,50,sand
-1249,37,50,sand
-1249,38,50,sand
-1249,39,50,sand
-1249,40,50,sand
-1249,41,50,sand
-1249,42,50,sand
-1249,43,50,sand
-1249,44,50,sand
-1249,45,51,sand
-1249,46,51,sand
-1249,47,51,sand
-1249,48,51,sand
-1249,49,51,sand
-1249,50,51,sand
-1249,51,51,sand
-1249,52,51,sand
-1249,53,51,sand
-1249,54,51,sand
-1249,55,51,sand
-1249,56,51,sand
-1249,57,50,sand
-1249,58,50,sand
-1249,59,51,sand
-1249,60,51,sand
-1249,61,51,sand
-1249,62,51,sand
-1249,63,51,sand
-1249,336,50,sand
-1249,337,51,sand
-1249,338,51,sand
-1249,339,51,sand
-1249,340,51,sand
-1249,341,51,sand
-1249,342,51,sand
-1249,343,51,sand
-1249,344,51,sand
-1249,345,51,sand
-1249,346,51,sand
-1249,347,51,sand
-1249,348,51,sand
-1249,349,52,sand
-1249,350,52,sand
-1249,351,52,sand
-1249,480,50,sand
-1249,481,50,sand
-1249,482,50,sand
-1249,483,50,sand
-1249,484,50,sand
-1249,485,50,sand
-1249,486,50,sand
-1249,487,50,sand
-1249,488,50,sand
-1249,489,50,sand
-1249,490,50,sand
-1249,491,49,sand
-1249,492,49,sand
-1249,493,49,sand
-1249,494,49,sand
-1249,495,49,sand
-1249,496,48,sand
-1249,497,48,sand
-1249,498,47,sand
-1249,499,47,sand
-1249,500,47,sand
-1249,501,47,sand
-1249,502,47,sand
-1249,503,46,sand
-1249,504,46,sand
-1249,505,46,sand
-1249,506,46,sand
-1249,507,46,sand
-1249,508,46,sand
-1249,509,46,sand
-1249,510,45,sand
-1249,511,45,sand
-1249,512,45,sand
-1249,513,44,sand
-1249,514,44,sand
-1249,515,43,sand
-1249,516,43,sand
-1249,517,43,sand
-1249,518,43,sand
-1249,519,43,sand
-1249,520,43,sand
-1249,521,44,sand
-1249,522,44,sand
-1249,523,43,sand
-1249,524,43,sand
-1249,525,43,sand
-1249,526,43,sand
-1249,527,43,sand
-1248,31,50,sand
-1248,352,52,sand
-1248,479,50,sand
-1248,528,43,sand
-1247,31,50,sand
-1247,352,52,sand
-1247,479,50,sand
-1247,528,43,sand
-1246,31,50,sand
-1246,352,52,sand
-1246,479,51,sand
-1246,528,43,sand
-1245,31,50,sand
-1245,352,52,sand
-1245,479,51,sand
-1245,528,43,sand
-1244,31,50,sand
-1244,352,52,sand
-1244,479,51,sand
-1244,528,43,sand
-1243,31,50,sand
-1243,352,51,sand
-1243,479,51,sand
-1243,528,43,sand
-1242,31,50,sand
-1242,352,51,sand
-1242,479,51,sand
-1242,528,43,sand
-1241,31,50,sand
-1241,352,50,sand
-1241,479,51,sand
-1241,528,43,sand
-1240,31,49,sand
-1240,352,50,sand
-1240,479,51,sand
-1240,528,43,sand
-1239,31,49,sand
-1239,352,49,sand
-1239,479,52,sand
-1239,528,43,sand
-1238,31,49,sand
-1238,352,49,sand
-1238,479,52,sand
-1238,528,44,sand
-1237,31,49,sand
-1237,352,49,sand
-1237,479,52,sand
-1237,528,44,sand
-1236,31,48,sand
-1236,352,49,sand
-1236,479,52,sand
-1236,528,44,sand
-1235,31,48,sand
-1235,352,49,sand
-1235,479,52,sand
-1235,528,44,sand
-1234,31,48,sand
-1234,352,48,sand
-1234,479,52,sand
-1234,528,44,sand
-1233,16,46,sand
-1233,17,46,sand
-1233,18,47,sand
-1233,19,47,sand
-1233,20,47,sand
-1233,21,47,sand
-1233,22,47,sand
-1233,23,48,sand
-1233,24,48,sand
-1233,25,48,sand
-1233,26,48,sand
-1233,27,48,sand
-1233,28,48,sand
-1233,29,48,sand
-1233,30,48,sand
-1233,31,48,sand
-1233,352,48,sand
-1233,400,49,sand
-1233,401,49,sand
-1233,402,49,sand
-1233,403,49,sand
-1233,404,49,sand
-1233,405,49,sand
-1233,406,49,sand
-1233,407,49,sand
-1233,408,49,sand
-1233,409,49,sand
-1233,410,49,sand
-1233,411,49,sand
-1233,412,49,sand
-1233,413,49,sand
-1233,414,49,sand
-1233,415,49,sand
-1233,416,49,sand
-1233,417,49,sand
-1233,418,50,sand
-1233,419,50,sand
-1233,420,50,sand
-1233,421,50,sand
-1233,422,50,sand
-1233,423,50,sand
-1233,424,50,sand
-1233,425,50,sand
-1233,426,50,sand
-1233,427,50,sand
-1233,428,50,sand
-1233,429,50,sand
-1233,430,50,sand
-1233,431,50,sand
-1233,432,50,sand
-1233,433,50,sand
-1233,434,50,sand
-1233,435,50,sand
-1233,436,50,sand
-1233,437,50,sand
-1233,438,50,sand
-1233,439,51,sand
-1233,440,51,sand
-1233,441,51,sand
-1233,442,51,sand
-1233,443,51,sand
-1233,444,51,sand
-1233,445,52,sand
-1233,446,52,sand
-1233,447,52,sand
-1233,448,51,sand
-1233,449,51,sand
-1233,450,51,sand
-1233,451,52,sand
-1233,452,52,sand
-1233,453,52,sand
-1233,454,52,sand
-1233,455,52,sand
-1233,456,53,sand
-1233,457,53,sand
-1233,458,53,sand
-1233,459,53,sand
-1233,460,53,sand
-1233,461,53,sand
-1233,462,53,sand
-1233,463,53,sand
-1233,464,53,sand
-1233,465,53,sand
-1233,466,52,sand
-1233,467,52,sand
-1233,468,52,sand
-1233,469,52,sand
-1233,470,52,sand
-1233,471,52,sand
-1233,472,52,sand
-1233,473,52,sand
-1233,474,52,sand
-1233,475,52,sand
-1233,476,52,sand
-1233,477,52,sand
-1233,478,52,sand
-1233,479,52,sand
-1233,528,45,sand
-1233,529,45,sand
-1233,530,44,sand
-1233,531,44,sand
-1233,532,44,sand
-1233,533,44,sand
-1233,534,44,sand
-1233,535,44,sand
-1233,536,44,sand
-1233,537,44,sand
-1233,538,44,sand
-1233,539,44,sand
-1233,540,44,sand
-1233,541,44,sand
-1233,542,44,sand
-1233,543,44,sand
-1233,544,44,sand
-1233,545,44,sand
-1233,546,44,sand
-1233,547,44,sand
-1233,548,44,sand
-1233,549,43,sand
-1233,550,43,sand
-1233,551,43,sand
-1233,552,43,sand
-1233,553,43,sand
-1233,554,43,sand
-1233,555,43,sand
-1233,556,43,sand
-1233,557,43,sand
-1233,558,43,sand
-1233,559,42,sand
-1233,560,42,sand
-1233,561,42,sand
-1233,562,41,sand
-1233,563,41,sand
-1233,564,41,sand
-1233,565,41,sand
-1233,566,41,sand
-1233,567,40,sand
-1233,568,40,sand
-1233,569,39,sand
-1233,570,39,sand
-1233,571,39,sand
-1233,572,39,sand
-1233,573,39,sand
-1233,574,38,sand
-1233,575,38,sand
-1232,15,46,sand
-1232,352,47,sand
-1232,399,49,sand
-1232,576,38,sand
-1231,15,46,sand
-1231,352,47,sand
-1231,399,48,sand
-1231,576,39,sand
-1230,15,46,sand
-1230,352,46,sand
-1230,399,48,sand
-1230,576,39,sand
-1229,15,46,sand
-1229,352,45,sand
-1229,399,48,sand
-1229,576,40,sand
-1228,15,46,sand
-1228,352,45,sand
-1228,399,47,sand
-1228,576,40,sand
-1227,15,46,sand
-1227,352,45,sand
-1227,399,47,sand
-1227,576,41,sand
-1226,15,46,sand
-1226,352,45,sand
-1226,399,47,sand
-1226,576,41,sand
-1225,15,47,sand
-1225,352,44,cobblestone
-1225,399,46,sand
-1225,576,42,sand
-1224,15,47,sand
-1224,352,43,sand
-1224,399,46,sand
-1224,576,42,sand
-1223,15,47,sand
-1223,352,43,sand
-1223,399,46,sand
-1223,576,43,sand
-1222,15,47,sand
-1222,352,42,sand
-1222,399,45,cobblestone
-1222,576,43,sand
-1221,15,47,sand
-1221,352,41,cobblestone
-1221,399,45,sand
-1221,576,44,sand
-1220,15,47,sand
-1220,352,40,cobblestone
-1220,399,45,sand
-1220,576,44,sand
-1219,15,47,sand
-1219,352,40,sand
-1219,399,45,sand
-1219,576,45,sand
-1218,15,47,sand
-1218,352,39,sand
-1218,399,45,sand
-1218,576,45,sand
-1217,-16,45,sand
-1217,-15,45,sand
-1217,-14,46,sand
-1217,-13,45,sand
-1217,-12,45,sand
-1217,-11,45,sand
-1217,-10,45,sand
-1217,-9,45,sand
-1217,-8,45,sand
-1217,-7,45,sand
-1217,-6,45,sand
-1217,-5,45,sand
-1217,-4,45,sand
-1217,-3,44,sand
-1217,-2,44,sand
-1217,-1,45,sand
-1217,0,44,sand
-1217,1,45,sand
-1217,2,45,sand
-1217,3,45,sand
-1217,4,45,sand
-1217,5,46,sand
-1217,6,46,sand
-1217,7,46,sand
-1217,8,47,sand
-1217,9,47,sand
-1217,10,47,sand
-1217,11,47,sand
-1217,12,47,sand
-1217,13,47,sand
-1217,14,47,sand
-1217,15,47,sand
-1217,352,39,sand
-1217,353,39,sand
-1217,354,38,sand
-1217,355,37,sand
-1217,356,37,sand
-1217,357,37,sand
-1217,358,38,sand
-1217,359,38,sand
-1217,360,39,sand
-1217,361,39,sand
-1217,362,39,sand
-1217,363,40,sand
-1217,364,40,sand
-1217,365,40,sand
-1217,366,40,sand
-1217,367,40,sand
-1217,368,40,sand
-1217,369,38,stone
-1217,370,38,sand
-1217,371,37,sand
-1217,372,37,sand
-1217,373,37,sand
-1217,374,37,sand
-1217,375,38,sand
-1217,376,38,cobblestone
-1217,377,38,cobblestone
-1217,378,38,cobblestone
-1217,379,38,sand
-1217,380,39,sand
-1217,381,40,sand
-1217,382,40,sand
-1217,383,40,sand
-1217,384,40,sand
-1217,385,41,sand
-1217,386,41,sand
-1217,387,41,sand
-1217,388,41,sand
-1217,389,41,sand
-1217,390,41,sand
-1217,391,41,sand
-1217,392,42,cobblestone
-1217,393,43,cobblestone
-1217,394,43,sand
-1217,395,43,sand
-1217,396,44,sand
-1217,397,45,sand
-1217,398,45,sand
-1217,399,46,sand
-1217,576,46,sand
-1217,577,46,sand
-1217,578,46,sand
-1217,579,46,sand
-1217,580,46,sand
-1217,581,46,sand
-1217,582,46,sand
-1217,583,46,sand
-1217,584,46,sand
-1217,585,46,sand
-1217,586,46,sand
-1217,587,46,sand
-1217,588,46,sand
-1217,589,46,sand
-1217,590,46,sand
-1217,591,46,sand
-1216,-17,45,sand
-1216,592,46,sand
-1215,-17,45,sand
-1215,592,46,sand
-1214,-17,45,sand
-1214,592,46,sand
-1213,-17,45,sand
-1213,592,46,sand
-1212,-17,45,sand
-1212,592,46,sand
-1211,-17,45,sand
-1211,592,47,sand
-1210,-17,45,sand
-1210,592,47,sand
-1209,-17,45,sand
-1209,592,47,sand
-1208,-17,46,sand
-1208,592,47,sand
-1207,-17,46,sand
-1207,592,48,sand
-1206,-17,46,sand
-1206,592,48,sand
-1205,-17,47,sand
-1205,592,48,sand
-1204,-17,47,sand
-1204,592,48,sand
-1203,-17,48,sand
-1203,592,48,sand
-1202,-17,48,sand
-1202,592,48,sand
-1201,-32,47,sand
-1201,-31,46,sand
-1201,-30,46,sand
-1201,-29,46,sand
-1201,-28,46,sand
-1201,-27,46,sand
-1201,-26,46,sand
-1201,-25,46,sand
-1201,-24,47,sand
-1201,-23,47,sand
-1201,-22,48,sand
-1201,-21,48,sand
-1201,-20,48,sand
-1201,-19,48,sand
-1201,-18,48,sand
-1201,-17,48,sand
-1201,592,48,sand
-1200,-33,47,sand
-1200,592,48,sand
-1199,-33,46,sand
-1199,592,48,sand
-1198,-33,47,sand
-1198,592,48,sand
-1197,-33,47,sand
-1197,592,48,sand
-1196,-33,47,sand
-1196,592,49,sand
-1195,-33,47,sand
-1195,592,49,sand
-1194,-33,48,sand
-1194,592,50,sand
-1193,-33,48,sand
-1193,592,50,sand
-1192,-33,48,sand
-1192,592,50,sand
-1191,-33,48,sand
-1191,592,51,sand
-1190,-33,49,sand
-1190,592,51,sand
-1189,-33,49,sand
-1189,592,51,sand
-1188,-33,49,sand
-1188,592,51,sand
-1187,-33,49,sand
-1187,592,52,sand
-1186,-33,49,sand
-1186,592,52,sand
-1185,-33,49,sand
-1185,592,53,sand
-1185,593,53,sand
-1185,594,53,sand
-1185,595,54,sand
-1185,596,54,sand
-1185,597,54,sand
-1185,598,54,sand
-1185,599,53,sand
-1185,600,53,sand
-1185,601,53,sand
-1185,602,53,sand
-1185,603,53,sand
-1185,604,53,sand
-1185,605,53,sand
-1185,606,53,sand
-1185,607,53,sand
-1184,-33,49,sand
-1184,608,53,sand
-1183,-33,49,sand
-1183,608,53,sand
-1182,-33,49,sand
-1182,608,53,sand
-1181,-33,48,sand
-1181,608,53,sand
-1180,-33,48,sand
-1180,608,54,sand
-1179,-33,48,sand
-1179,608,54,sand
-1178,-33,47,sand
-1178,608,54,sand
-1177,-33,47,sand
-1177,608,54,sand
-1176,-33,47,sand
-1176,608,54,sand
-1175,-33,47,sand
-1175,608,55,sand
-1174,-33,47,sand
-1174,608,55,sand
-1173,-33,47,sand
-1173,608,55,sand
-1172,-33,47,sand
-1172,608,55,sand
-1171,-33,47,sand
-1171,608,55,sand
-1170,-33,47,sand
-1170,608,55,sand
-1169,-33,47,sand
-1169,608,55,sand
-1168,-33,47,sand
-1168,608,55,sand
-1167,-33,47,sand
-1167,608,55,sand
-1166,-33,47,sand
-1166,608,55,sand
-1165,-33,47,sand
-1165,608,55,sand
-1164,-33,47,sand
-1164,608,55,sand
-1163,-33,47,sand
-1163,608,56,sand
-1162,-33,46,sand
-1162,608,56,sand
-1161,-33,46,sand
-1161,608,56,sand
-1160,-33,46,sand
-1160,608,56,sand
-1159,-33,45,sand
-1159,608,56,sand
-1158,-33,45,sand
-1158,608,56,sand
-1157,-33,45,sand
-1157,608,56,sand
-1156,-33,44,sand
-1156,608,56,sand
-1155,-33,44,sand
-1155,608,56,sand
-1154,-33,44,sand
-1154,608,56,sand
-1153,-48,44,sand
-1153,-47,44,sand
-1153,-46,43,sand
-1153,-45,43,sand
-1153,-44,43,sand
-1153,-43,42,sand
-1153,-42,42,sand
-1153,-41,42,sand
-1153,-40,43,sand
-1153,-39,43,sand
-1153,-38,43,sand
-1153,-37,43,sand
-1153,-36,43,sand
-1153,-35,43,sand
-1153,-34,43,sand
-1153,-33,44,sand
-1153,608,56,sand
-1153,609,56,sand
-1153,610,56,sand
-1153,611,56,sand
-1153,612,56,sand
-1153,613,56,sand
-1153,614,56,sand
-1153,615,56,sand
-1153,616,56,sand
-1153,617,56,sand
-1153,618,56,sand
-1153,619,56,sand
-1153,620,56,sand
-1153,621,56,sand
-1153,622,56,sand
-1153,623,56,sand
-1153,624,56,sand
-1153,625,56,sand
-1153,626,56,sand
-1153,627,56,sand
-1153,628,56,sand
-1153,629,55,sand
-1153,630,55,sand
-1153,631,55,sand
-1153,632,55,sand
-1153,633,55,sand
-1153,634,54,sand
-1153,635,54,sand
-1153,636,54,sand
-1153,637,54,sand
-1153,638,54,sand
-1153,639,54,sand
-1152,-49,44,sand
-1152,640,54,sand
-1151,-49,44,sand
-1151,640,54,sand
-1150,-49,44,sand
-1150,640,53,sand
-1149,-49,44,sand
-1149,640,53,sand
-1148,-49,44,sand
-1148,640,53,sand
-1147,-49,44,sand
-1147,640,53,sand
-1146,-49,44,sand
-1146,640,53,sand
-1145,-49,44,sand
-1145,640,53,sand
-1144,-49,44,sand
-1144,640,53,sand
-1143,-49,44,sand
-1143,640,53,sand
-1142,-49,44,sand
-1142,640,53,sand
-1141,-49,45,sand
-1141,640,53,sand
-1140,-49,45,sand
-1140,640,53,sand
-1139,-49,45,sand
-1139,640,53,sand
-1138,-49,44,sand
-1138,640,53,sand
-1137,-49,44,sand
-1137,640,52,sand
-1137,641,52,sand
-1137,642,52,sand
-1137,643,52,sand
-1137,644,52,sand
-1137,645,52,sand
-1137,646,52,sand
-1137,647,52,sand
-1137,648,52,sand
-1137,649,51,sand
-1137,650,51,sand
-1137,651,51,sand
-1137,652,51,sand
-1137,653,51,sand
-1137,654,51,sand
-1137,655,51,sand
-1137,656,50,sand
-1137,657,50,sand
-1137,658,50,sand
-1137,659,50,sand
-1137,660,50,sand
-1137,661,50,sand
-1137,662,50,sand
-1137,663,49,sand
-1137,664,49,sand
-1137,665,49,sand
-1137,666,49,sand
-1137,667,48,sand
-1137,668,49,sand
-1137,669,49,sand
-1137,670,49,sand
-1137,671,49,sand
-1137,672,49,sand
-1137,673,49,sand
-1137,674,49,sand
-1137,675,49,sand
-1137,676,49,sand
-1137,677,49,sand
-1137,678,49,sand
-1137,679,49,sand
-1137,680,49,sand
-1137,681,49,sand
-1137,682,49,sand
-1137,683,49,sand
-1137,684,49,sand
-1137,685,48,sand
-1137,686,48,sand
-1137,687,48,sand
-1136,-49,44,sand
-1136,688,48,sand
-1135,-49,43,sand
-1135,688,48,sand
-1134,-49,43,sand
-1134,688,49,sand
-1133,-49,42,sand
-1133,688,49,sand
-1132,-49,42,sand
-1132,688,49,sand
-1131,-49,42,sand
-1131,688,49,sand
-1130,-49,42,sand
-1130,688,49,sand
-1129,-49,42,sand
-1129,688,50,sand
-1128,-49,43,sand
-1128,688,50,sand
-1127,-49,43,sand
-1127,688,50,sand
-1126,-49,43,sand
-1126,688,51,sand
-1125,-49,43,sand
-1125,688,51,sand
-1124,-49,43,sand
-1124,688,51,sand
-1123,-49,43,sand
-1123,688,51,sand
-1122,-49,43,sand
-1122,688,51,sand
-1121,-49,43,sand
-1121,688,52,sand
-1121,689,51,sand
-1121,690,51,sand
-1121,691,51,sand
-1121,692,51,sand
-1121,693,51,sand
-1121,694,51,sand
-1121,695,51,sand
-1121,696,51,sand
-1121,697,51,sand
-1121,698,51,sand
-1121,699,51,sand
-1121,700,51,sand
-1121,701,50,sand
-1121,702,50,sand
-1121,703,50,sand
-1120,-49,43,sand
-1120,704,50,sand
-1119,-49,43,sand
-1119,704,50,sand
-1118,-49,43,sand
-1118,704,50,sand
-1117,-49,43,sand
-1117,704,50,sand
-1116,-49,43,sand
-1116,704,50,sand
-1115,-49,43,sand
-1115,704,50,sand
-1114,-49,43,sand
-1114,704,50,sand
-1113,-49,43,sand
-1113,704,51,sand
-1112,-49,44,sand
-1112,704,51,sand
-1111,-49,44,sand
-1111,704,51,sand
-1110,-49,44,sand
-1110,704,51,sand
-1109,-49,44,sand
-1109,704,51,sand
-1108,-49,44,sand
-1108,704,51,sand
-1107,-49,44,sand
-1107,704,51,sand
-1106,-49,45,sand
-1106,704,52,sand
-1105,-64,46,sand
-1105,-63,46,sand
-1105,-62,46,sand
-1105,-61,46,sand
-1105,-60,46,sand
-1105,-59,46,sand
-1105,-58,46,sand
-1105,-57,46,sand
-1105,-56,46,sand
-1105,-55,46,sand
-1105,-54,46,sand
-1105,-53,46,sand
-1105,-52,46,sand
-1105,-51,46,sand
-1105,-50,46,sand
-1105,-49,46,sand
-1105,704,52,sand
-1105,705,52,sand
-1105,706,52,sand
-1105,707,52,sand
-1105,708,52,sand
-1105,709,52,sand
-1105,710,52,sand
-1105,711,52,sand
-1105,712,52,sand
-1105,713,52,sand
-1105,714,52,sand
-1105,715,51,sand
-1105,716,51,sand
-1105,717,51,sand
-1105,718,51,sand
-1105,719,51,sand
-1104,-65,46,sand
-1104,720,51,sand
-1103,-65,46,sand
-1103,720,51,sand
-1102,-65,46,sand
-1102,720,51,sand
-1101,-65,45,sand
-1101,720,51,sand
-1100,-65,45,sand
-1100,720,50,sand
-1099,-65,45,sand
-1099,720,50,sand
-1098,-65,45,sand
-1098,720,50,sand
-1097,-65,45,sand
-1097,720,50,sand
-1096,-65,45,sand
-1096,720,50,sand
-1095,-65,44,sand
-1095,720,50,sand
-1094,-65,44,sand
-1094,720,50,sand
-1093,-65,44,sand
-1093,720,50,sand
-1092,-65,43,sand
-1092,720,50,sand
-1091,-65,43,sand
-1091,720,50,sand
-1090,-65,43,sand
-1090,720,50,sand
-1089,-65,42,sand
-1089,720,49,sand
-1088,-65,42,sand
-1088,720,49,sand
-1087,-65,41,sand
-1087,720,49,sand
-1086,-65,41,sand
-1086,720,49,sand
-1085,-65,41,sand
-1085,720,49,sand
-1084,-65,41,sand
-1084,720,49,sand
-1083,-65,41,sand
-1083,720,49,sand
-1082,-65,41,sand
-1082,720,49,sand
-1081,-65,41,sand
-1081,720,49,sand
-1080,-65,41,sand
-1080,720,49,sand
-1079,-65,41,sand
-1079,720,49,sand
-1078,-65,41,sand
-1078,720,49,sand
-1077,-65,41,sand
-1077,720,49,sand
-1076,-65,41,sand
-1076,720,49,sand
-1075,-65,40,sand
-1075,720,49,sand
-1074,-65,40,sand
-1074,720,49,sand
-1073,-65,40,sand
-1073,720,49,sand
-1073,721,48,sand
-1073,722,48,sand
-1073,723,48,sand
-1073,724,48,sand
-1073,725,48,sand
-1073,726,49,sand
-1073,727,49,sand
-1073,728,48,sand
-1073,729,49,sand
-1073,730,49,sand
-1073,731,49,sand
-1073,732,49,sand
-1073,733,49,sand
-1073,734,48,sand
-1073,735,48,sand
-1072,-65,40,sand
-1072,736,48,sand
-1071,-65,40,sand
-1071,736,48,sand
-1070,-65,40,sand
-1070,736,48,sand
-1069,-65,40,sand
-1069,736,49,sand
-1068,-65,40,sand
-1068,736,48,sand
-1067,-65,40,sand
-1067,736,49,sand
-1066,-65,40,sand
-1066,736,49,sand
-1065,-65,40,sand
-1065,736,48,sand
-1064,-65,40,sand
-1064,736,48,sand
-1063,-65,40,sand
-1063,736,48,sand
-1062,-65,40,sand
-1062,736,49,sand
-1061,-65,40,sand
-1061,736,49,sand
-1060,-65,40,sand
-1060,736,49,sand
-1059,-65,41,sand
-1059,736,49,sand
-1058,-65,41,sand
-1058,736,49,sand
-1057,-65,41,sand
-1057,736,49,sand
-1056,-65,41,sand
-1056,736,49,sand
-1055,-65,42,sand
-1055,736,49,sand
-1054,-65,42,sand
-1054,736,49,sand
-1053,-65,42,sand
-1053,736,49,sand
-1052,-65,42,sand
-1052,736,48,sand
-1051,-65,42,sand
-1051,736,48,sand
-1050,-65,43,sand
-1050,736,49,sand
-1049,-65,43,sand
-1049,736,49,sand
-1048,-65,44,sand
-1048,736,49,sand
-1047,-65,44,sand
-1047,736,49,sand
-1046,-65,44,sand
-1046,736,50,sand
-1045,-65,44,sand
-1045,736,50,sand
-1044,-65,44,sand
-1044,736,50,sand
-1043,-65,45,sand
-1043,736,50,sand
-1042,-65,45,sand
-1042,736,50,sand
-1041,-65,45,sand
-1041,736,50,sand
-1041,737,50,sand
-1041,738,50,sand
-1041,739,50,sand
-1041,740,51,sand
-1041,741,50,sand
-1041,742,50,sand
-1041,743,51,sand
-1041,744,51,sand
-1041,745,51,sand
-1041,746,51,sand
-1041,747,51,sand
-1041,748,51,sand
-1041,749,51,sand
-1041,750,51,sand
-1041,751,51,sand
-1040,-65,44,sand
-1040,752,51,sand
-1039,-65,44,sand
-1039,752,52,sand
-1038,-65,44,sand
-1038,752,52,sand
-1037,-65,44,sand
-1037,752,52,sand
-1036,-65,45,sand
-1036,752,51,sand
-1035,-65,44,sand
-1035,752,52,sand
-1034,-65,44,sand
-1034,752,52,sand
-1033,-65,44,sand
-1033,752,52,sand
-1032,-65,43,sand
-1032,752,52,sand
-1031,-65,43,sand
-1031,752,52,sand
-1030,-65,43,sand
-1030,752,52,sand
-1029,-65,44,sand
-1029,752,52,sand
-1028,-65,44,sand
-1028,752,52,sand
-1027,-65,44,sand
-1027,752,52,sand
-1026,-65,44,sand
-1026,752,52,sand
-1025,-65,44,sand
-1025,752,52,sand
-1025,753,53,sand
-1025,754,53,sand
-1025,755,53,sand
-1025,756,52,sand
-1025,757,52,sand
-1025,758,52,sand
-1025,759,52,sand
-1025,760,52,sand
-1025,761,52,sand
-1025,762,52,sand
-1025,763,52,sand
-1025,764,52,sand
-1025,765,52,sand
-1025,766,52,sand
-1025,767,52,sand
-1024,-65,45,sand
-1024,768,52,sand
-1023,-65,45,sand
-1023,768,52,sand
-1022,-65,45,sand
-1022,768,52,sand
-1021,-65,45,sand
-1021,768,52,sand
-1020,-65,45,sand
-1020,768,52,sand
-1019,-65,45,sand
-1019,768,53,sand
-1018,-65,45,sand
-1018,768,53,sand
-1017,-65,45,sand
-1017,768,53,sand
-1016,-65,46,sand
-1016,768,53,sand
-1015,-65,46,sand
-1015,768,53,sand
-1014,-65,46,sand
-1014,768,53,sand
-1013,-65,47,sand
-1013,768,53,sand
-1012,-65,47,sand
-1012,768,53,sand
-1011,-65,47,sand
-1011,768,53,sand
-1010,-65,47,sand
-1010,768,52,sand
-1009,-65,48,sand
-1009,768,52,sand
-1009,769,52,sand
-1009,770,52,sand
-1009,771,52,sand
-1009,772,52,sand
-1009,773,52,sand
-1009,774,53,sand
-1009,775,53,sand
-1009,776,53,sand
-1009,777,53,sand
-1009,778,53,sand
-1009,779,53,sand
-1009,780,53,sand
-1009,781,53,sand
-1009,782,53,sand
-1009,783,53,sand
-1008,-65,48,sand
-1008,784,53,sand
-1007,-65,49,sand
-1007,784,53,sand
-1006,-65,49,sand
-1006,784,53,sand
-1005,-65,49,sand
-1005,784,53,sand
-1004,-65,49,sand
-1004,784,53,sand
-1003,-65,49,sand
-1003,784,53,sand
-1002,-65,49,sand
-1002,784,53,sand
-1001,-65,49,sand
-1001,784,53,sand
-1000,-65,49,sand
-1000,784,53,sand
-999,-65,49,sand
-999,784,53,sand
-998,-65,49,sand
-998,784,53,sand
-997,-65,49,sand
-997,784,53,sand
-996,-65,49,sand
-996,784,53,sand
-995,-65,49,sand
-995,784,53,sand
-994,-65,49,sand
-994,784,53,sand
-993,-65,49,sand
-993,784,53,sand
-992,-64,49,sand
-992,-63,49,sand
-992,-62,49,sand
-992,-61,50,sand
-992,-60,50,sand
-992,-59,50,sand
-992,-58,50,sand
-992,-57,50,sand
-992,-56,50,sand
-992,-55,50,sand
-992,-54,50,sand
-992,-53,50,sand
-992,-52,49,sand
-992,-51,49,sand
-992,-50,49,sand
-992,-49,48,sand
-992,784,53,sand
-991,-49,47,sand
-991,784,53,sand
-990,-49,47,sand
-990,784,53,sand
-989,-49,47,sand
-989,784,53,sand
-988,-49,48,sand
-988,784,53,sand
-987,-49,48,sand
-987,784,52,sand
-986,-49,48,sand
-986,784,52,sand
-985,-49,48,sand
-985,784,52,sand
-984,-49,48,sand
-984,784,52,sand
-983,-49,47,sand
-983,784,52,sand
-982,-49,47,sand
-982,784,53,sand
-981,-49,47,sand
-981,784,53,sand
-980,-49,47,sand
-980,784,53,sand
-979,-49,48,sand
-979,784,53,sand
-978,-49,48,sand
-978,784,53,sand
-977,-49,48,sand
-977,784,53,sand
-976,-49,49,sand
-976,784,53,sand
-975,-49,49,sand
-975,784,53,sand
-974,-49,49,sand
-974,784,53,sand
-973,-49,49,sand
-973,784,54,sand
-972,-49,49,sand
-972,784,53,sand
-971,-49,48,sand
-971,784,53,sand
-970,-49,48,sand
-970,784,53,sand
-969,-49,48,sand
-969,784,53,sand
-968,-49,47,sand
-968,784,53,sand
-967,-49,47,sand
-967,784,53,sand
-966,-49,47,sand
-966,784,54,sand
-965,-49,47,sand
-965,784,54,sand
-964,-49,47,sand
-964,784,54,sand
-963,-49,47,sand
-963,784,53,sand
-962,-49,47,sand
-962,784,53,sand
-961,-49,46,sand
-961,784,53,sand
-961,785,53,sand
-961,786,53,sand
-961,787,53,sand
-961,788,53,sand
-961,789,53,sand
-961,790,53,sand
-961,791,53,sand
-961,792,53,sand
-961,793,53,sand
-961,794,53,sand
-961,795,53,sand
-961,796,53,sand
-961,797,52,sand
-961,798,52,sand
-961,799,52,sand
-960,-49,46,sand
-960,800,52,sand
-959,-49,46,sand
-959,800,52,sand
-958,-49,46,sand
-958,800,52,sand
-957,-49,46,sand
-957,800,52,sand
-956,-49,46,sand
-956,800,52,sand
-955,-49,45,sand
-955,800,52,sand
-954,-49,45,sand
-954,800,51,sand
-953,-49,45,sand
-953,800,51,sand
-952,-49,45,sand
-952,800,51,sand
-951,-49,45,sand
-951,800,50,sand
-950,-49,45,sand
-950,800,50,sand
-949,-49,45,sand
-949,800,50,sand
-948,-49,45,sand
-948,800,50,sand
-947,-49,45,sand
-947,800,50,sand
-946,-49,45,sand
-946,800,50,sand
-945,-49,45,sand
-945,800,50,sand
-944,-48,45,sand
-944,-47,45,sand
-944,-46,45,sand
-944,-45,44,sand
-944,-44,44,sand
-944,-43,44,sand
-944,-42,44,sand
-944,-41,44,sand
-944,-40,44,sand
-944,-39,44,sand
-944,-38,44,sand
-944,-37,44,sand
-944,-36,44,sand
-944,-35,43,sand
-944,-34,44,sand
-944,-33,43,sand
-944,800,49,sand
-943,-33,43,sand
-943,800,49,sand
-942,-33,44,sand
-942,800,49,sand
-941,-33,44,sand
-941,800,49,sand
-940,-33,44,sand
-940,800,49,sand
-939,-33,45,sand
-939,800,48,sand
-938,-33,45,sand
-938,800,48,sand
-937,-33,45,sand
-937,800,48,sand
-936,-33,45,sand
-936,800,48,sand
-935,-33,44,sand
-935,800,48,sand
-934,-33,44,sand
-934,800,47,sand
-933,-33,45,sand
-933,800,47,sand
-932,-33,45,sand
-932,800,47,sand
-931,-33,45,sand
-931,800,47,sand
-930,-33,45,sand
-930,800,46,sand
-929,-33,45,sand
-929,800,45,sand
-929,801,45,sand
-929,802,45,sand
-929,803,45,sand
-929,804,45,sand
-929,805,45,sand
-929,806,45,sand
-929,807,45,sand
-929,808,45,sand
-929,809,45,sand
-929,810,45,sand
-929,811,45,sand
-929,812,45,sand
-929,813,45,sand
-929,814,45,sand
-929,815,45,sand
-928,-33,45,sand
-928,816,45,sand
-927,-33,45,sand
-927,816,45,sand
-926,-33,45,sand
-926,816,45,sand
-925,-33,45,sand
-925,816,45,sand
-924,-33,45,sand
-924,816,46,sand
-923,-33,45,sand
-923,816,46,sand
-922,-33,44,sand
-922,816,46,sand
-921,-33,44,sand
-921,816,47,sand
-920,-33,44,sand
-920,816,47,sand
-919,-33,44,sand
-919,816,47,sand
-918,-33,44,sand
-918,816,48,sand
-917,-33,45,sand
-917,816,48,sand
-916,-33,45,sand
-916,816,48,sand
-915,-33,46,sand
-915,816,48,sand
-914,-33,46,sand
-914,816,49,sand
-913,-33,46,sand
-913,816,49,sand
-913,817,49,sand
-913,818,49,sand
-913,819,50,sand
-913,820,49,sand
-913,821,49,sand
-913,822,49,sand
-913,823,49,sand
-913,824,49,sand
-913,825,49,sand
-913,826,49,sand
-913,827,49,sand
-913,828,48,sand
-913,829,48,sand
-913,830,49,sand
-913,831,49,sand
-912,-32,46,sand
-912,-31,46,sand
-912,-30,45,sand
-912,-29,45,sand
-912,-28,45,sand
-912,-27,45,sand
-912,-26,45,sand
-912,-25,45,sand
-912,-24,45,sand
-912,-23,44,sand
-912,-22,44,sand
-912,-21,44,sand
-912,-20,44,sand
-912,-19,44,sand
-912,-18,44,sand
-912,-17,44,sand
-912,832,49,sand
-911,-17,44,sand
-911,832,49,sand
-910,-17,44,sand
-910,832,49,sand
-909,-17,44,sand
-909,832,49,sand
-908,-17,44,sand
-908,832,49,sand
-907,-17,44,sand
-907,832,49,sand
-906,-17,44,sand
-906,832,50,sand
-905,-17,44,sand
-905,832,50,sand
-904,-17,44,sand
-904,832,50,sand
-903,-17,44,sand
-903,832,50,sand
-902,-17,44,sand
-902,832,50,sand
-901,-17,44,sand
-901,832,50,sand
-900,-17,44,sand
-900,832,50,sand
-899,-17,43,sand
-899,832,50,sand
-898,-17,43,sand
-898,832,50,sand
-897,-17,42,sand
-897,832,50,sand
-896,-17,42,sand
-896,832,50,sand
-895,-17,42,sand
-895,832,50,sand
-894,-17,42,sand
-894,832,51,sand
-893,-17,42,sand
-893,832,51,sand
-892,-17,42,sand
-892,832,51,sand
-891,-17,43,sand
-891,832,51,sand
-890,-17,43,sand
-890,832,51,sand
-889,-17,43,sand
-889,832,51,sand
-888,-17,43,sand
-888,832,51,sand
-887,-17,43,sand
-887,832,51,sand
-886,-17,43,sand
-886,832,51,sand
-885,-17,43,sand
-885,832,51,sand
-884,-17,42,sand
-884,832,50,sand
-883,-17,42,sand
-883,832,50,sand
-882,-17,42,sand
-882,832,50,sand
-881,-17,42,sand
-881,832,50,sand
-880,-17,41,sand
-880,832,51,sand
-879,-17,41,sand
-879,832,51,sand
-878,-17,41,sand
-878,832,51,sand
-877,-17,40,sand
-877,832,51,sand
-876,-17,40,sand
-876,832,52,sand
-875,-17,40,sand
-875,832,52,sand
-874,-17,40,sand
-874,832,51,sand
-873,-17,40,sand
-873,832,51,sand
-872,-17,41,sand
-872,832,51,sand
-871,-17,41,sand
-871,832,51,sand
-870,-17,41,sand
-870,832,51,sand
-869,-17,41,sand
-869,832,51,sand
-868,-17,42,sand
-868,832,51,sand
-867,-17,42,sand
-867,832,51,sand
-866,-17,42,sand
-866,832,51,sand
-865,-17,41,sand
-865,832,50,sand
-865,833,50,sand
-865,834,50,sand
-865,835,49,sand
-865,836,49,sand
-865,837,49,sand
-865,838,49,sand
-865,839,49,sand
-865,840,49,sand
-865,841,49,sand
-865,842,49,sand
-865,843,49,sand
-865,844,48,sand
-865,845,48,sand
-865,846,48,sand
-865,847,48,sand
-864,-16,41,sand
-864,-15,42,sand
-864,-14,42,sand
-864,-13,42,sand
-864,-12,43,sand
-864,-11,43,sand
-864,-10,43,sand
-864,-9,43,sand
-864,-8,43,sand
-864,-7,43,sand
-864,-6,43,sand
-864,-5,43,sand
-864,-4,43,sand
-864,-3,43,sand
-864,-2,43,sand
-864,-1,43,sand
-864,848,48,sand
-863,-1,44,sand
-863,848,48,sand
-862,-1,44,sand
-862,848,48,sand
-861,-1,44,sand
-861,848,48,sand
-860,-1,44,sand
-860,848,48,sand
-859,-1,44,sand
-859,848,48,sand
-858,-1,43,sand
-858,848,49,sand
-857,-1,44,sand
-857,848,49,sand
-856,-1,44,sand
-856,848,49,sand
-855,-1,44,sand
-855,848,49,sand
-854,-1,44,sand
-854,848,49,sand
-853,-1,44,sand
-853,848,49,sand
-852,-1,43,sand
-852,848,49,sand
-851,-1,43,sand
-851,848,49,sand
-850,-1,42,sand
-850,848,49,sand
-849,-1,42,sand
-849,848,49,sand
-848,-1,42,sand
-848,848,49,sand
-847,-1,42,sand
-847,848,49,sand
-846,-1,42,sand
-846,848,49,sand
-845,-1,42,sand
-845,848,49,sand
-844,-1,42,sand
-844,848,49,sand
-843,-1,42,sand
-843,848,49,sand
-842,-1,42,sand
-842,848,49,sand
-841,-1,42,sand
-841,848,49,sand
-840,-1,42,sand
-840,848,49,sand
-839,-1,43,sand
-839,848,49,sand
-838,-1,43,sand
-838,848,49,sand
-837,-1,44,sand
-837,848,49,sand
-836,-1,44,sand
-836,848,49,sand
-835,-1,44,sand
-835,848,49,sand
-834,-1,44,sand
-834,848,48,sand
-833,-1,44,sand
-833,848,48,sand
-832,-1,44,sand
-832,848,48,sand
-831,-1,44,sand
-831,848,48,sand
-830,-1,44,sand
-830,848,48,sand
-829,-1,44,sand
-829,848,48,sand
-828,-1,45,sand
-828,848,48,sand
-827,-1,45,sand
-827,848,48,sand
-826,-1,45,sand
-826,848,48,sand
-825,-1,45,sand
-825,848,49,sand
-824,-1,45,sand
-824,848,49,sand
-823,-1,45,sand
-823,848,49,sand
-822,-1,45,sand
-822,848,50,sand
-821,-1,45,sand
-821,848,50,sand
-820,-1,46,sand
-820,848,50,sand
-819,-1,46,sand
-819,848,50,sand
-818,-1,46,sand
-818,848,51,sand
-817,-1,46,sand
-817,848,51,sand
-816,0,46,sand
-816,1,46,sand
-816,2,46,sand
-816,3,46,sand
-816,4,46,sand
-816,5,46,sand
-816,6,46,sand
-816,7,45,sand
-816,8,45,sand
-816,9,45,sand
-816,10,46,sand
-816,11,46,sand
-816,12,46,sand
-816,13,46,sand
-816,14,46,sand
-816,15,46,sand
-816,832,50,sand
-816,833,50,sand
-816,834,50,sand
-816,835,50,sand
-816,836,50,sand
-816,837,50,sand
-816,838,50,sand
-816,839,50,sand
-816,840,50,sand
-816,841,50,sand
-816,842,50,sand
-816,843,51,sand
-816,844,51,sand
-816,845,51,sand
-816,846,51,sand
-816,847,51,sand
-815,15,46,sand
-815,832,49,sand
-814,15,46,sand
-814,832,49,sand
-813,15,45,sand
-813,832,49,sand
-812,15,45,sand
-812,832,50,sand
-811,15,45,sand
-811,832,50,sand
-810,15,45,sand
-810,832,50,sand
-809,15,44,sand
-809,832,50,sand
-808,15,44,sand
-808,832,50,sand
-807,15,44,sand
-807,832,51,sand
-806,15,44,sand
-806,832,51,sand
-805,15,45,sand
-805,832,51,sand
-804,15,45,sand
-804,832,51,sand
-803,15,45,sand
-803,832,51,sand
-802,15,45,sand
-802,832,52,sand
-801,15,45,sand
-801,832,52,sand
-800,15,45,sand
-800,832,52,sand
-799,15,45,sand
-799,832,52,sand
-798,15,45,sand
-798,832,52,sand
-797,15,46,sand
-797,832,52,sand
-796,15,46,sand
-796,832,53,sand
-795,15,46,sand
-795,832,53,sand
-794,15,46,sand
-794,832,53,sand
-793,15,46,sand
-793,832,53,sand
-792,15,46,sand
-792,832,53,sand
-791,15,46,sand
-791,832,54,sand
-790,15,46,sand
-790,832,54,sand
-789,15,47,sand
-789,832,54,sand
-788,15,47,sand
-788,832,54,sand
-787,15,47,sand
-787,832,54,sand
-786,15,47,sand
-786,832,55,sand
-785,15,48,sand
-785,832,55,sand
-784,15,48,sand
-784,832,55,sand
-783,15,48,sand
-783,832,55,sand
-782,15,48,sand
-782,832,55,sand
-781,15,48,sand
-781,832,55,sand
-780,15,48,sand
-780,832,55,sand
-779,15,49,sand
-779,832,55,sand
-778,15,49,sand
-778,832,55,sand
-777,15,49,sand
-777,832,55,sand
-776,15,49,sand
-776,832,55,sand
-775,15,50,sand
-775,832,55,sand
-774,15,50,sand
-774,832,55,sand
-773,15,50,sand
-773,832,55,sand
-772,15,50,sand
-772,832,55,sand
-771,15,50,sand
-771,832,55,sand
-770,15,50,sand
-770,832,55,sand
-769,15,50,sand
-769,832,54,sand
-768,16,50,sand
-768,17,50,sand
-768,18,49,sand
-768,19,49,sand
-768,20,49,sand
-768,21,48,sand
-768,22,48,sand
-768,23,48,sand
-768,24,48,sand
-768,25,48,sand
-768,26,48,sand
-768,27,48,sand
-768,28,47,sand
-768,29,47,sand
-768,30,47,sand
-768,31,47,sand
-768,816,52,sand
-768,817,52,sand
-768,818,52,sand
-768,819,52,sand
-768,820,52,sand
-768,821,53,sand
-768,822,53,sand
-768,823,53,sand
-768,824,53,sand
-768,825,53,sand
-768,826,53,sand
-768,827,53,sand
-768,828,54,sand
-768,829,54,sand
-768,830,54,sand
-768,831,54,sand
-767,31,47,sand
-767,816,52,sand
-766,31,47,sand
-766,816,52,sand
-765,31,47,sand
-765,816,53,sand
-764,31,47,sand
-764,816,53,sand
-763,31,47,sand
-763,816,53,sand
-762,31,47,sand
-762,816,53,sand
-761,31,47,sand
-761,816,53,sand
-760,31,47,sand
-760,816,54,sand
-759,31,47,sand
-759,816,54,sand
-758,31,47,sand
-758,816,54,sand
-757,31,47,sand
-757,816,54,sand
-756,31,48,sand
-756,816,54,sand
-755,31,48,sand
-755,816,54,sand
-754,31,48,sand
-754,816,54,sand
-753,31,48,sand
-753,816,54,sand
-752,32,48,sand
-752,33,48,sand
-752,34,48,sand
-752,35,48,sand
-752,36,48,sand
-752,37,47,sand
-752,38,47,sand
-752,39,47,sand
-752,40,47,sand
-752,41,47,sand
-752,42,47,sand
-752,43,46,sand
-752,44,46,sand
-752,45,46,sand
-752,46,45,sand
-752,47,45,sand
-752,48,45,sand
-752,49,44,sand
-752,50,44,sand
-752,51,44,sand
-752,52,43,sand
-752,53,42,sand
-752,54,42,sand
-752,55,42,sand
-752,56,42,sand
-752,57,42,sand
-752,58,42,sand
-752,59,42,sand
-752,60,42,sand
-752,61,42,sand
-752,62,42,sand
-752,63,42,sand
-752,816,54,sand
-751,63,42,sand
-751,816,54,sand
-750,63,42,sand
-750,816,54,sand
-749,63,41,sand
-749,816,54,sand
-748,63,42,sand
-748,816,54,sand
-747,63,42,sand
-747,816,54,sand
-746,63,42,sand
-746,816,54,sand
-745,63,43,sand
-745,816,54,sand
-744,63,43,sand
-744,816,54,sand
-743,63,43,sand
-743,816,54,sand
-742,63,43,sand
-742,816,54,sand
-741,63,43,sand
-741,816,54,sand
-740,63,42,sand
-740,816,53,sand
-739,63,42,sand
-739,816,53,sand
-738,63,43,sand
-738,816,53,sand
-737,63,43,sand
-737,816,53,sand
-736,64,43,sand
-736,65,43,sand
-736,66,43,sand
-736,67,43,sand
-736,68,44,sand
-736,69,44,sand
-736,70,44,sand
-736,71,45,sand
-736,72,45,sand
-736,73,45,sand
-736,74,46,sand
-736,75,46,sand
-736,76,46,sand
-736,77,46,sand
-736,78,46,sand
-736,79,46,sand
-736,80,45,sand
-736,81,45,sand
-736,82,45,sand
-736,83,45,sand
-736,84,45,sand
-736,85,46,sand
-736,86,46,sand
-736,87,46,sand
-736,88,46,sand
-736,89,46,sand
-736,90,46,sand
-736,91,46,sand
-736,92,46,sand
-736,93,46,sand
-736,94,46,sand
-736,95,46,sand
-736,96,46,sand
-736,97,45,sand
-736,98,45,sand
-736,99,45,sand
-736,100,46,sand
-736,101,46,sand
-736,102,46,sand
-736,103,46,sand
-736,104,46,sand
-736,105,46,sand
-736,106,46,sand
-736,107,46,sand
-736,108,46,sand
-736,109,46,sand
-736,110,46,sand
-736,111,46,sand
-736,800,55,sand
-736,801,55,sand
-736,802,55,sand
-736,803,55,sand
-736,804,55,sand
-736,805,54,sand
-736,806,54,sand
-736,807,54,sand
-736,808,54,sand
-736,809,54,sand
-736,810,54,sand
-736,811,54,sand
-736,812,54,sand
-736,813,54,sand
-736,814,54,sand
-736,815,53,sand
-735,111,46,sand
-735,800,56,sand
-734,111,46,sand
-734,800,56,sand
-733,111,46,sand
-733,800,56,sand
-732,111,45,sand
-732,800,56,sand
-731,111,45,sand
-731,800,56,sand
-730,111,45,sand
-730,800,56,sand
-729,111,45,sand
-729,800,56,sand
-728,111,44,sand
-728,800,56,sand
-727,111,44,sand
-727,800,55,sand
-726,111,44,sand
-726,800,55,sand
-725,111,44,sand
-725,800,55,sand
-724,111,44,sand
-724,800,55,sand
-723,111,44,sand
-723,800,55,sand
-722,111,44,sand
-722,800,56,sand
-721,111,44,sand
-721,800,56,sand
-720,112,44,sand
-720,113,44,sand
-720,114,45,sand
-720,115,45,sand
-720,116,44,sand
-720,117,44,sand
-720,118,44,sand
-720,119,44,sand
-720,120,43,sand
-720,121,43,sand
-720,122,43,sand
-720,123,43,sand
-720,124,43,sand
-720,125,43,sand
-720,126,43,sand
-720,127,43,sand
-720,128,43,sand
-720,129,42,sand
-720,130,42,sand
-720,131,42,sand
-720,132,42,sand
-720,133,42,sand
-720,134,41,sand
-720,135,41,sand
-720,136,40,sand
-720,137,40,sand
-720,138,39,sand
-720,139,38,sand
-720,140,38,sand
-720,141,38,sand
-720,142,37,sand
-720,143,36,stone
-720,144,36,cobblestone
-720,145,35,cobblestone
-720,146,34,cobblestone
-720,147,33,cobblestone
-720,148,31,stone
-720,149,31,sand
-720,150,30,sand
-720,151,30,sand
-720,152,29,sand
-720,153,29,sand
-720,154,29,sand
-720,155,29,sand
-720,156,29,sand
-720,157,28,sand
-720,158,28,sand
-720,159,30,sand
-720,800,56,sand
-719,159,31,sand
-719,800,56,sand
-718,159,31,sand
-718,800,56,sand
-717,159,31,sand
-717,800,56,sand
-716,159,31,sand
-716,800,56,sand
-715,159,32,sand
-715,800,56,sand
-714,159,32,sand
-714,800,56,sand
-713,159,32,sand
-713,800,56,sand
-712,159,32,sand
-712,800,56,sand
-711,159,32,sand
-711,800,56,sand
-710,159,33,sand
-710,800,56,sand
-709,159,33,sand
-709,800,56,sand
-708,159,34,stone
-708,800,56,sand
-707,159,35,stone
-707,800,56,sand
-706,159,36,stone
-706,800,56,sand
-705,159,36,stone
-705,800,56,sand
-704,160,36,stone
-704,161,36,stone
-704,162,36,stone
-704,163,36,stone
-704,164,36,sand
-704,165,36,sand
-704,166,36,stone
-704,167,37,stone
-704,168,37,sand
-704,169,37,sand
-704,170,37,sand
-704,171,37,cobblestone
-704,172,36,sand
-704,173,37,sand
-704,174,37,sand
-704,175,39,sand
-704,800,56,sand
-703,175,39,sand
-703,800,56,sand
-702,175,40,sand
-702,800,56,sand
-701,175,40,sand
-701,800,56,sand
-700,175,40,sand
-700,800,56,sand
-699,175,41,sand
-699,800,56,sand
-698,175,42,sand
-698,800,56,sand
-697,175,42,sand
-697,800,56,sand
-696,175,42,sand
-696,800,56,sand
-695,175,42,sand
-695,800,56,sand
-694,175,43,sand
-694,800,56,sand
-693,175,43,sand
-693,800,56,sand
-692,175,43,sand
-692,800,56,sand
-691,175,44,sand
-691,800,56,sand
-690,175,45,sand
-690,800,56,sand
-689,175,45,sand
-689,800,55,sand
-688,176,45,sand
-688,177,45,sand
-688,178,45,sand
-688,179,45,sand
-688,180,45,sand
-688,181,45,sand
-688,182,45,sand
-688,183,45,sand
-688,184,45,sand
-688,185,45,sand
-688,186,45,sand
-688,187,45,sand
-688,188,45,sand
-688,189,44,sand
-688,190,44,sand
-688,191,45,sand
-688,784,58,sand
-688,785,57,sand
-688,786,57,sand
-688,787,57,sand
-688,788,57,sand
-688,789,56,sand
-688,790,56,sand
-688,791,56,sand
-688,792,56,sand
-688,793,56,sand
-688,794,56,sand
-688,795,56,sand
-688,796,56,sand
-688,797,56,sand
-688,798,56,sand
-688,799,55,sand
-687,191,46,sand
-687,784,57,sand
-686,191,46,sand
-686,784,57,sand
-685,191,46,sand
-685,784,57,sand
-684,191,46,sand
-684,784,57,sand
-683,191,46,sand
-683,784,57,sand
-682,191,46,sand
-682,784,56,sand
-681,191,46,sand
-681,784,56,sand
-680,191,45,sand
-680,784,56,sand
-679,191,45,sand
-679,784,56,sand
-678,191,45,sand
-678,784,56,sand
-677,191,45,sand
-677,784,55,sand
-676,191,45,sand
-676,784,55,sand
-675,191,45,sand
-675,784,55,sand
-674,191,45,sand
-674,784,55,sand
-673,191,45,sand
-673,784,54,sand
-672,191,46,sand
-672,784,54,sand
-671,191,46,sand
-671,784,54,sand
-670,191,45,sand
-670,784,54,sand
-669,191,45,sand
-669,784,53,sand
-668,191,45,sand
-668,784,53,sand
-667,191,45,sand
-667,784,53,sand
-666,191,46,sand
-666,784,53,sand
-665,191,46,sand
-665,784,52,sand
-664,191,46,sand
-664,784,52,sand
-663,191,47,sand
-663,784,52,sand
-662,191,47,sand
-662,784,52,sand
-661,191,47,sand
-661,784,52,sand
-660,191,48,sand
-660,784,53,sand
-659,191,48,sand
-659,784,53,sand
-658,191,48,sand
-658,784,53,sand
-657,191,48,sand
-657,784,54,sand
-656,192,48,sand
-656,193,48,sand
-656,194,48,sand
-656,195,47,sand
-656,196,47,sand
-656,197,47,sand
-656,198,46,sand
-656,199,46,sand
-656,200,46,sand
-656,201,46,sand
-656,202,46,sand
-656,203,46,sand
-656,204,46,sand
-656,205,46,sand
-656,206,46,sand
-656,207,45,sand
-656,784,54,sand
-655,207,45,sand
-655,784,54,sand
-654,207,45,sand
-654,784,54,sand
-653,207,45,sand
-653,784,54,sand
-652,207,45,sand
-652,784,54,sand
-651,207,45,sand
-651,784,55,sand
-650,207,45,sand
-650,784,55,sand
-649,207,46,sand
-649,784,55,sand
-648,207,46,sand
-648,784,55,sand
-647,207,46,sand
-647,784,55,sand
-646,207,46,sand
-646,784,55,sand
-645,207,46,sand
-645,784,56,sand
-644,207,46,sand
-644,784,56,sand
-643,207,46,sand
-643,784,56,sand
-642,207,46,sand
-642,784,56,sand
-641,207,46,sand
-641,784,56,sand
-640,208,46,sand
-640,209,46,sand
-640,210,46,sand
-640,211,46,sand
-640,212,45,sand
-640,213,45,sand
-640,214,45,sand
-640,215,45,sand
-640,216,44,sand
-640,217,44,sand
-640,218,43,sand
-640,219,43,sand
-640,220,43,sand
-640,221,43,sand
-640,222,43,sand
-640,223,43,sand
-640,768,57,sand
-640,769,57,sand
-640,770,57,sand
-640,771,57,sand
-640,772,57,sand
-640,773,57,sand
-640,774,57,sand
-640,775,57,sand
-640,776,57,sand
-640,777,57,sand
-640,778,57,sand
-640,779,57,sand
-640,780,57,sand
-640,781,57,sand
-640,782,56,sand
-640,783,56,sand
-639,223,43,sand
-639,768,58,sand
-638,223,43,sand
-638,768,58,sand
-637,223,43,sand
-637,768,58,sand
-636,223,43,sand
-636,768,58,sand
-635,223,43,sand
-635,768,58,sand
-634,223,43,sand
-634,768,58,sand
-633,223,43,sand
-633,768,59,sand
-632,223,43,sand
-632,768,59,sand
-631,223,42,sand
-631,768,58,dirt
-630,223,42,sand
-630,768,57,cobblestone
-629,223,41,sand
-629,768,56,stone
-628,223,40,sand
-628,768,55,dirt
-627,223,40,sand
-627,768,54,sand
-626,223,40,sand
-626,768,54,sand
-625,223,40,sand
-625,768,54,sand
-624,224,40,sand
-624,225,39,sand
-624,226,39,sand
-624,227,39,sand
-624,228,38,sand
-624,229,38,sand
-624,230,38,sand
-624,231,37,sand
-624,232,37,sand
-624,233,37,sand
-624,234,36,sand
-624,235,37,sand
-624,236,37,sand
-624,237,37,sand
-624,238,37,sand
-624,239,37,sand
-624,240,37,sand
-624,241,38,sand
-624,242,38,sand
-624,243,38,sand
-624,244,38,sand
-624,245,38,sand
-624,246,38,sand
-624,247,38,sand
-624,248,38,sand
-624,249,37,sand
-624,250,37,sand
-624,251,38,sand
-624,252,38,sand
-624,253,38,sand
-624,254,37,sand
-624,255,37,sand
-624,768,53,sand
-623,255,36,sand
-623,768,53,sand
-622,255,36,sand
-622,768,53,sand
-621,255,36,sand
-621,768,53,sand
-620,255,36,sand
-620,768,53,sand
-619,255,36,sand
-619,768,53,sand
-618,255,36,sand
-618,768,53,sand
-617,255,37,sand
-617,768,53,sand
-616,255,37,sand
-616,768,52,sand
-615,255,37,sand
-615,768,52,sand
-614,255,37,sand
-614,768,52,sand
-613,255,37,sand
-613,768,52,sand
-612,255,37,sand
-612,768,51,sand
-611,255,38,sand
-611,768,51,sand
-610,255,39,sand
-610,768,51,dirt
-609,255,40,sand
-609,768,51,sand
-608,256,40,sand
-608,257,40,sand
-608,258,40,sand
-608,259,40,sand
-608,260,41,sand
-608,261,41,sand
-608,262,41,sand
-608,263,41,sand
-608,264,41,sand
-608,265,41,sand
-608,266,42,sand
-608,267,42,sand
-608,268,42,sand
-608,269,42,sand
-608,270,42,sand
-608,271,42,sand
-608,752,55,sand
-608,753,55,sand
-608,754,55,sand
-608,755,55,sand
-608,756,55,sand
-608,757,54,dirt
-608,758,53,sand
-608,759,53,sand
-608,760,53,sand
-608,761,53,sand
-608,762,53,sand
-608,763,54,sand
-608,764,53,sand
-608,765,54,seagrass
-608,766,52,cobblestone
-608,767,51,sand
-607,271,43,sand
-607,752,55,sand
-606,271,43,sand
-606,752,54,sand
-605,271,43,sand
-605,752,54,sand
-604,271,43,sand
-604,752,55,sand
-603,271,44,sand
-603,752,55,sand
-602,271,44,sand
-602,752,55,sand
-601,271,44,sand
-601,752,54,sand
-600,271,45,sand
-600,752,54,sand
-599,271,45,sand
-599,752,54,sand
-598,271,45,sand
-598,752,54,sand
-597,271,45,sand
-597,752,53,sand
-596,271,46,sand
-596,752,53,sand
-595,271,46,sand
-595,752,53,sand
-594,271,46,sand
-594,752,53,sand
-593,271,47,sand
-593,752,53,sand
-592,271,47,sand
-592,704,49,sand
-592,705,50,sand
-592,706,50,sand
-592,707,50,sand
-592,708,51,sand
-592,709,51,sand
-592,710,51,sand
-592,711,51,sand
-592,712,52,sand
-592,713,52,sand
-592,714,53,sand
-592,715,53,sand
-592,716,53,sand
-592,717,54,sand
-592,718,54,sand
-592,719,54,sand
-592,720,54,sand
-592,721,54,sand
-592,722,54,sand
-592,723,54,sand
-592,724,54,sand
-592,725,55,sand
-592,726,55,sand
-592,727,55,sand
-592,728,55,sand
-592,729,55,sand
-592,730,55,sand
-592,731,55,sand
-592,732,55,sand
-592,733,55,sand
-592,734,55,sand
-592,735,55,sand
-592,736,55,sand
-592,737,55,sand
-592,738,54,sand
-592,739,54,sand
-592,740,54,sand
-592,741,54,sand
-592,742,54,sand
-592,743,54,sand
-592,744,54,sand
-592,745,54,sand
-592,746,53,sand
-592,747,53,sand
-592,748,53,sand
-592,749,53,sand
-592,750,53,sand
-592,751,53,sand
-591,271,47,sand
-591,704,49,sand
-590,271,47,sand
-590,704,49,sand
-589,271,47,sand
-589,704,49,sand
-588,271,47,sand
-588,704,49,sand
-587,271,48,sand
-587,704,49,sand
-586,271,48,sand
-586,704,49,sand
-585,271,47,sand
-585,704,49,sand
-584,271,47,sand
-584,704,49,sand
-583,271,47,sand
-583,704,49,sand
-582,271,47,sand
-582,704,50,sand
-581,271,47,sand
-581,704,50,sand
-580,271,47,sand
-580,704,50,sand
-579,271,47,sand
-579,704,50,sand
-578,271,47,sand
-578,704,50,sand
-577,271,47,sand
-577,704,50,sand
-576,272,47,sand
-576,273,47,sand
-576,274,47,sand
-576,275,47,sand
-576,276,47,sand
-576,277,47,sand
-576,278,47,sand
-576,279,47,sand
-576,280,47,sand
-576,281,46,sand
-576,282,46,sand
-576,283,46,sand
-576,284,46,sand
-576,285,46,sand
-576,286,46,sand
-576,287,46,sand
-576,576,49,sand
-576,577,49,sand
-576,578,49,sand
-576,579,49,sand
-576,580,48,sand
-576,581,49,sand
-576,582,49,sand
-576,583,49,sand
-576,584,50,sand
-576,585,50,sand
-576,586,51,sand
-576,587,51,sand
-576,588,51,sand
-576,589,52,sand
-576,590,52,sand
-576,591,51,sand
-576,592,51,sand
-576,593,51,sand
-576,594,51,sand
-576,595,50,sand
-576,596,50,sand
-576,597,50,sand
-576,598,50,sand
-576,599,51,sand
-576,600,51,sand
-576,601,50,sand
-576,602,50,sand
-576,603,50,sand
-576,604,50,sand
-576,605,50,sand
-576,606,50,sand
-576,607,50,sand
-576,608,50,sand
-576,609,49,sand
-576,610,49,sand
-576,611,48,sand
-576,612,48,sand
-576,613,48,sand
-576,614,48,sand
-576,615,49,sand
-576,616,49,sand
-576,617,49,sand
-576,618,49,sand
-576,619,48,sand
-576,620,48,sand
-576,621,47,sand
-576,622,46,sand
-576,623,46,sand
-576,624,45,sand
-576,625,45,sand
-576,626,45,sand
-576,627,45,sand
-576,628,45,sand
-576,629,45,sand
-576,630,44,sand
-576,631,44,sand
-576,632,45,sand
-576,633,45,sand
-576,634,44,sand
-576,635,44,sand
-576,636,44,sand
-576,637,43,sand
-576,638,43,sand
-576,639,43,sand
-576,640,43,sand
-576,641,43,sand
-576,642,43,sand
-576,643,42,sand
-576,644,42,sand
-576,645,42,sand
-576,646,42,sand
-576,647,42,sand
-576,648,42,sand
-576,649,42,sand
-576,650,42,sand
-576,651,43,sand
-576,652,43,sand
-576,653,43,sand
-576,654,43,sand
-576,655,43,sand
-576,656,43,sand
-576,657,43,sand
-576,658,43,sand
-576,659,44,sand
-576,660,43,sand
-576,661,44,sand
-576,662,44,sand
-576,663,44,sand
-576,664,44,sand
-576,665,45,sand
-576,666,45,sand
-576,667,45,sand
-576,668,45,sand
-576,669,44,sand
-576,670,44,stone
-576,671,44,sand
-576,672,44,sand
-576,673,44,sand
-576,674,45,sand
-576,675,45,sand
-576,676,45,sand
-576,677,45,sand
-576,678,45,sand
-576,679,45,sand
-576,680,45,sand
-576,681,45,sand
-576,682,46,sand
-576,683,46,sand
-576,684,46,sand
-576,685,46,sand
-576,686,47,sand
-576,687,47,sand
-576,688,48,sand
-576,689,48,sand
-576,690,49,sand
-576,691,49,sand
-576,692,50,sand
-576,693,50,sand
-576,694,50,sand
-576,695,50,sand
-576,696,50,sand
-576,697,50,sand
-576,698,50,sand
-576,699,50,sand
-576,700,51,sand
-576,701,50,sand
-576,702,50,sand
-576,703,50,sand
-575,287,45,sand
-575,576,50,sand
-574,287,45,sand
-574,576,50,sand
-573,287,45,sand
-573,576,50,sand
-572,287,45,sand
-572,576,50,sand
-571,287,45,sand
-571,576,50,sand
-570,287,45,sand
-570,576,49,sand
-569,287,45,sand
-569,576,49,sand
-568,287,45,sand
-568,576,49,sand
-567,287,44,sand
-567,576,49,sand
-566,287,45,sand
-566,576,49,sand
-565,287,45,sand
-565,576,48,sand
-564,287,45,sand
-564,576,49,sand
-563,287,45,sand
-563,576,49,sand
-562,287,45,sand
-562,576,48,sand
-561,287,45,sand
-561,576,48,sand
-560,288,45,sand
-560,289,46,sand
-560,290,46,sand
-560,291,46,sand
-560,292,46,sand
-560,293,46,sand
-560,294,46,sand
-560,295,47,sand
-560,296,47,sand
-560,297,47,sand
-560,298,47,sand
-560,299,48,sand
-560,300,48,sand
-560,301,48,sand
-560,302,48,sand
-560,303,48,sand
-560,304,48,sand
-560,305,48,sand
-560,306,48,sand
-560,307,48,sand
-560,308,48,sand
-560,309,48,sand
-560,310,48,sand
-560,311,48,sand
-560,312,47,sand
-560,313,47,sand
-560,314,47,sand
-560,315,48,sand
-560,316,48,sand
-560,317,48,sand
-560,318,47,sand
-560,319,47,sand
-560,320,47,sand
-560,321,47,sand
-560,322,47,sand
-560,323,47,sand
-560,324,47,sand
-560,325,47,sand
-560,326,47,sand
-560,327,47,sand
-560,328,47,sand
-560,329,47,sand
-560,330,47,sand
-560,331,47,sand
-560,332,47,sand
-560,333,47,sand
-560,334,47,sand
-560,335,47,sand
-560,352,46,sand
-560,353,45,sand
-560,354,45,sand
-560,355,45,sand
-560,356,45,sand
-560,357,45,sand
-560,358,45,sand
-560,359,44,sand
-560,360,44,sand
-560,361,44,sand
-560,362,44,sand
-560,363,44,sand
-560,364,44,sand
-560,365,44,sand
-560,366,43,sand
-560,367,44,sand
-560,384,46,sand
-560,385,46,sand
-560,386,46,sand
-560,387,46,sand
-560,388,46,sand
-560,389,46,sand
-560,390,45,sand
-560,391,45,sand
-560,392,45,sand
-560,393,46,sand
-560,394,46,sand
-560,395,46,sand
-560,396,46,sand
-560,397,47,sand
-560,398,47,sand
-560,399,48,sand
-560,400,48,sand
-560,401,49,sand
-560,402,49,sand
-560,403,49,sand
-560,404,49,sand
-560,405,49,sand
-560,406,49,sand
-560,407,48,sand
-560,408,48,sand
-560,409,47,sand
-560,410,47,sand
-560,411,46,sand
-560,412,46,sand
-560,413,46,sand
-560,414,45,sand
-560,415,46,sand
-560,416,46,sand
-560,417,46,sand
-560,418,46,sand
-560,419,45,sand
-560,420,45,sand
-560,421,45,sand
-560,422,44,sand
-560,423,45,sand
-560,424,45,stone
-560,425,45,sand
-560,426,46,sand
-560,427,45,sand
-560,428,45,sand
-560,429,45,sand
-560,430,45,sand
-560,431,45,sand
-560,432,45,sand
-560,433,44,sand
-560,434,44,sand
-560,435,44,sand
-560,436,44,sand
-560,437,44,sand
-560,438,44,sand
-560,439,44,sand
-560,440,44,sand
-560,441,43,sand
-560,442,43,sand
-560,443,43,sand
-560,444,42,sand
-560,445,41,sand
-560,446,41,sand
-560,447,41,sand
-560,496,48,sand
-560,497,48,sand
-560,498,48,sand
-560,499,49,sand
-560,500,49,sand
-560,501,49,sand
-560,502,49,sand
-560,503,49,sand
-560,504,49,sand
-560,505,49,sand
-560,506,48,sand
-560,507,48,sand
-560,508,47,sand
-560,509,47,sand
-560,510,47,sand
-560,511,46,sand
-560,528,42,sand
-560,529,42,sand
-560,530,42,sand
-560,531,42,sand
-560,532,42,sand
-560,533,43,sand
-560,534,43,stone
-560,535,43,stone
-560,536,42,stone
-560,537,43,sand
-560,538,43,sand
-560,539,43,sand
-560,540,43,sand
-560,541,43,sand
-560,542,43,sand
-560,543,43,sand
-560,544,43,sand
-560,545,43,sand
-560,546,44,sand
-560,547,43,sand
-560,548,43,sand
-560,549,43,sand
-560,550,43,sand
-560,551,43,sand
-560,552,43,sand
-560,553,44,sand
-560,554,44,sand
-560,555,44,sand
-560,556,44,sand
-560,557,44,sand
-560,558,44,sand
-560,559,45,sand
-560,560,45,sand
-560,561,44,sand
-560,562,45,sand
-560,563,45,sand
-560,564,45,sand
-560,565,46,sand
-560,566,46,sand
-560,567,46,sand
-560,568,47,sand
-560,569,47,sand
-560,570,47,sand
-560,571,47,sand
-560,572,47,sand
-560,573,48,sand
-560,574,48,sand
-560,575,48,sand
-559,335,47,sand
-559,352,47,sand
-559,367,43,sand
-559,384,46,sand
-559,447,41,sand
-559,496,47,sand
-559,511,46,sand
-559,528,42,sand
-558,335,47,sand
-558,352,47,sand
-558,367,43,sand
-558,384,46,sand
-558,447,41,sand
-558,496,47,sand
-558,511,46,sand
-558,528,41,sand
-557,335,47,sand
-557,352,47,sand
-557,367,43,sand
-557,384,46,sand
-557,447,40,sand
-557,496,46,sand
-557,511,46,sand
-557,528,41,sand
-556,335,47,sand
-556,352,47,sand
-556,367,43,sand
-556,384,46,sand
-556,447,40,sand
-556,496,46,sand
-556,511,46,sand
-556,528,41,sand
-555,335,47,sand
-555,352,47,sand
-555,367,43,sand
-555,384,46,sand
-555,447,39,sand
-555,496,46,sand
-555,511,46,sand
-555,528,41,sand
-554,335,47,sand
-554,352,47,sand
-554,367,44,sand
-554,384,46,sand
-554,447,38,sand
-554,496,46,sand
-554,511,46,sand
-554,528,41,sand
-553,335,47,sand
-553,352,46,sand
-553,367,43,sand
-553,384,46,sand
-553,447,37,sand
-553,496,46,sand
-553,511,46,sand
-553,528,41,sand
-552,335,47,sand
-552,352,46,sand
-552,367,43,sand
-552,384,45,sand
-552,447,37,sand
-552,496,46,sand
-552,511,46,sand
-552,528,40,sand
-551,335,46,sand
-551,352,45,sand
-551,367,43,sand
-551,384,45,sand
-551,447,36,sand
-551,496,46,sand
-551,511,45,sand
-551,528,40,sand
-550,335,46,sand
-550,352,44,sand
-550,367,43,sand
-550,384,45,sand
-550,447,35,sand
-550,496,46,sand
-550,511,45,sand
-550,528,39,sand
-549,335,46,sand
-549,352,44,sand
-549,367,43,sand
-549,384,45,sand
-549,447,35,sand
-549,496,46,sand
-549,511,44,sand
-549,528,39,sand
-548,335,46,sand
-548,352,44,sand
-548,367,42,sand
-548,384,45,sand
-548,447,34,sand
-548,496,47,sand
-548,511,43,sand
-548,528,39,sand
-547,335,46,sand
-547,352,44,sand
-547,367,42,sand
-547,384,44,sand
-547,447,33,sand
-547,496,47,sand
-547,511,43,sand
-547,528,39,sand
-546,335,46,sand
-546,352,44,sand
-546,367,42,sand
-546,384,44,sand
-546,447,33,sand
-546,496,46,sand
-546,511,43,sand
-546,528,39,sand
-545,335,46,sand
-545,352,44,sand
-545,367,41,sand
-545,384,44,sand
-545,447,33,sand
-545,496,46,sand
-545,511,43,sand
-545,528,39,sand
-544,336,46,sand
-544,337,46,sand
-544,338,46,sand
-544,339,46,sand
-544,340,46,sand
-544,341,46,sand
-544,342,46,sand
-544,343,46,sand
-544,344,46,sand
-544,345,45,sand
-544,346,45,sand
-544,347,45,sand
-544,348,45,sand
-544,349,44,sand
-544,350,44,sand
-544,351,44,sand
-544,368,41,sand
-544,369,42,sand
-544,370,42,sand
-544,371,43,sand
-544,372,44,sand
-544,373,44,sand
-544,374,44,sand
-544,375,44,sand
-544,376,44,sand
-544,377,44,sand
-544,378,45,sand
-544,379,44,sand
-544,380,44,sand
-544,381,44,sand
-544,382,44,sand
-544,383,44,sand
-544,448,33,sand
-544,449,33,sand
-544,450,32,sand
-544,451,33,sand
-544,452,33,sand
-544,453,32,sand
-544,454,32,sand
-544,455,32,sand
-544,456,32,sand
-544,457,33,sand
-544,458,33,sand
-544,459,33,sand
-544,460,34,sand
-544,461,34,sand
-544,462,35,sand
-544,463,35,sand
-544,464,36,sand
-544,465,36,sand
-544,466,37,sand
-544,467,37,sand
-544,468,38,sand
-544,469,38,sand
-544,470,39,sand
-544,471,39,sand
-544,472,39,sand
-544,473,40,sand
-544,474,40,sand
-544,475,40,sand
-544,476,40,sand
-544,477,41,sand
-544,478,42,sand
-544,479,42,sand
-544,480,43,sand
-544,481,43,sand
-544,482,44,sand
-544,483,44,sand
-544,484,44,sand
-544,485,45,sand
-544,486,45,sand
-544,487,45,sand
-544,488,45,sand
-544,489,45,sand
-544,490,44,sand
-544,491,44,sand
-544,492,45,sand
-544,493,45,sand
-544,494,46,sand
-544,495,46,sand
-544,512,43,sand
-544,513,43,sand
-544,514,42,sand
-544,515,42,sand
-544,516,42,sand
-544,517,42,sand
-544,518,41,sand
-544,519,41,sand
-544,520,41,sand
-544,521,40,sand
-544,522,40,sand
-544,523,39,sand
-544,524,39,sand
-544,525,40,sand
-544,526,40,sand
-544,527,39,sand
