id,classification,min_x,min_y,min_z,max_x,max_y,max_z
25,ambiguous,-717,59,525,-664,98,613
30,ambiguous,-867,62,263,-794,98,333
28,ambiguous,-1221,63,173,-1170,99,278
1,ambiguous,-892,65,222,-816,101,276
47,ambiguous,-699,60,316,-657,96,409
35,ambiguous,-865,64,363,-804,98,416
13,ambiguous,-775,64,284,-743,97,335
135,ambiguous,-689,57,508,-638,96,540
83,ambiguous,-733,64,493,-682,97,525
93,ambiguous,-848,64,487,-804,85,522
42,ambiguous,-914,91,145,-890,110,195
224,ambiguous,-876,76,189,-858,98,217
138,ambiguous,-874,65,129,-846,87,147
73,ambiguous,-1117,90,245,-1099,114,273
4,ambiguous,-948,79,291,-920,101,309
37,ambiguous,-713,64,411,-695,84,439
22,ambiguous,-1016,72,560,-988,93,578
99,ambiguous,-744,63,275,-716,82,293
18,ambiguous,-907,88,526,-879,110,542
26,ambiguous,-1161,74,113,-1133,92,126
183,ambiguous,-735,64,327,-717,83,353
101,ambiguous,-1043,157,195,-1005,186,227
266,ambiguous,-1025,170,208,-992,198,255
41,ambiguous,-908,64,371,-888,82,402
78,ambiguous,-850,81,693,-838,95,709
206,ambiguous,-1015,157,240,-976,176,260
270,ambiguous,-1046,62,418,-1034,71,428
152,ambiguous,-1095,64,446,-1085,71,458
267,ambiguous,-910,67,300,-900,71,310
367,ambiguous,-894,86,525,-886,97,531
148,ambiguous,-723,66,345,-719,75,355
234,ambiguous,-1083,62,424,-1078,80,429
645,ambiguous,-971,63,431,-966,80,436
334,ambiguous,-846,58,744,-843,66,751
159,ambiguous,-1001,68,72,-996,76,78
238,ambiguous,-982,125,223,-977,132,229
399,ambiguous,-855,63,84,-850,69,90
67,ambiguous,-1124,63,414,-1119,69,420
697,ambiguous,-1082,78,324,-1076,84,329
111,ambiguous,-1204,64,165,-1201,66,173
753,ambiguous,-688,70,659,-683,76,665
328,ambiguous,-716,65,551,-711,71,557
356,ambiguous,-722,65,337,-716,70,342
358,ambiguous,-853,66,276,-847,71,281
393,ambiguous,-1016,64,633,-1010,69,638
639,ambiguous,-888,66,360,-882,71,365
679,ambiguous,-803,66,211,-798,71,217
717,ambiguous,-1112,65,81,-1107,70,87
888,ambiguous,-1071,63,533,-1066,68,539
949,ambiguous,-700,66,424,-694,71,429
895,ambiguous,-887,68,442,-883,73,448
597,ambiguous,-1003,75,573,-998,80,577
462,ambiguous,-913,92,158,-909,97,163
342,ambiguous,-819,68,517,-814,72,521
721,ambiguous,-919,69,448,-915,73,453
1024,ambiguous,-973,68,471,-969,72,476
394,ambiguous,-982,81,129,-978,86,134
618,ambiguous,-1031,185,240,-1026,197,251
157,ambiguous,-1104,96,255,-1100,101,260
538,ambiguous,-922,98,184,-919,102,188
278,ambiguous,-864,69,142,-859,74,146
299,ambiguous,-938,84,293,-935,88,296
32,ambiguous,-1117,104,200,-1114,107,203
1189,ambiguous,-855,62,310,-848,65,313
410,ambiguous,-873,82,199,-871,85,202
490,ambiguous,-797,62,260,-793,65,262
550,ambiguous,-732,85,657,-730,88,660
621,ambiguous,-663,61,553,-660,64,558
537,ambiguous,-1066,130,230,-1064,133,234
360,ambiguous,-674,61,327,-674,64,331
1286,ambiguous,-1184,65,258,-1183,68,261
1920,ambiguous,-884,66,259,-880,69,260
3249,ambiguous,-675,60,556,-672,64,556
508,ambiguous,-767,71,542,-767,85,542
1529,ambiguous,-956,63,77,-953,66,78
1126,ambiguous,-997,68,511,-996,74,513
1320,ambiguous,-780,134,563,-780,146,563
732,ambiguous,-1024,64,48,-1022,69,49
1324,ambiguous,-1065,59,452,-1065,69,452
19,ambiguous,-1186,77,182,-1183,80,185
244,ambiguous,-997,60,425,-997,69,425
401,ambiguous,-654,62,514,-650,64,514
576,ambiguous,-875,64,101,-874,68,103
715,ambiguous,-793,63,715,-791,67,716
720,ambiguous,-993,60,425,-993,69,425
748,ambiguous,-1030,63,22,-1028,67,23
858,ambiguous,-1023,59,401,-1023,68,401
877,ambiguous,-794,64,226,-793,68,228
1023,ambiguous,-901,92,177,-900,96,179
1053,ambiguous,-667,65,503,-665,69,504
1264,ambiguous,-980,64,53,-979,68,55
1278,ambiguous,-775,66,456,-774,70,458
1304,ambiguous,-850,66,379,-849,70,381
1331,ambiguous,-832,67,497,-830,71,498
1692,ambiguous,-1075,74,93,-1073,78,94
2406,ambiguous,-898,66,387,-897,70,389
277,ambiguous,-888,90,534,-888,92,536
1390,ambiguous,-1036,60,435,-1036,68,435
1463,ambiguous,-1134,92,166,-1131,94,167
2664,ambiguous,-849,57,754,-849,65,754
449,ambiguous,-654,65,461,-653,68,463
450,ambiguous,-643,60,515,-643,63,516
470,ambiguous,-1205,65,229,-1203,68,230
914,ambiguous,-1056,72,68,-1054,75,69
972,ambiguous,-1175,68,113,-1174,71,115
1357,ambiguous,-897,89,216,-896,92,216
1474,ambiguous,-986,86,324,-984,89,325
2074,ambiguous,-1070,77,347,-1069,80,349
2123,ambiguous,-925,62,389,-924,65,389
2333,ambiguous,-993,62,430,-993,69,430
594,ambiguous,-683,64,397,-683,65,401
1150,ambiguous,-918,95,179,-918,97,181
1339,ambiguous,-904,73,278,-904,74,281
3073,ambiguous,-1179,63,105,-1178,66,105
197,ambiguous,-1077,62,450,-1077,67,450
353,ambiguous,-899,90,215,-898,92,215
592,ambiguous,-1045,69,62,-1045,71,63
729,ambiguous,-997,64,377,-995,67,377
758,ambiguous,-1147,82,162,-1144,83,162
795,ambiguous,-681,63,611,-681,65,614
1019,ambiguous,-1076,74,358,-1075,76,358
1047,ambiguous,-1046,69,64,-1046,71,65
1409,ambiguous,-847,60,745,-847,65,745
1502,ambiguous,-976,126,232,-976,127,234
2112,ambiguous,-896,68,701,-895,69,703
2725,ambiguous,-841,65,491,-841,67,492
251,ambiguous,-706,65,377,-706,69,377
254,ambiguous,-1080,63,485,-1080,67,485
335,ambiguous,-762,65,427,-762,69,427
638,ambiguous,-716,65,377,-716,69,377
749,ambiguous,-1087,63,420,-1087,67,420
904,ambiguous,-717,65,356,-717,69,356
1069,ambiguous,-1078,63,422,-1078,67,422
1082,ambiguous,-708,65,373,-708,69,373
1135,ambiguous,-717,65,351,-717,69,351
1374,ambiguous,-742,66,409,-742,70,409
1492,ambiguous,-665,60,554,-665,63,555
2143,ambiguous,-1019,61,16,-1019,63,17
2272,ambiguous,-886,70,704,-886,71,706
2531,ambiguous,-964,63,440,-964,67,440
3201,ambiguous,-714,65,373,-714,69,373
3255,ambiguous,-1080,63,487,-1080,67,487
3434,ambiguous,-769,65,427,-769,69,427
63,ambiguous,-782,66,408,-782,69,408
198,ambiguous,-747,67,414,-747,70,414
202,ambiguous,-774,66,398,-774,69,398
255,ambiguous,-887,64,427,-887,67,427
406,ambiguous,-1064,73,87,-1064,74,88
423,ambiguous,-735,66,376,-735,69,376
436,ambiguous,-716,66,393,-716,69,393
534,ambiguous,-1074,75,357,-1073,76,357
541,ambiguous,-1065,73,89,-1065,74,90
548,ambiguous,-744,66,378,-744,69,378
605,ambiguous,-862,66,134,-862,69,134
608,ambiguous,-757,67,411,-757,70,411
653,ambiguous,-733,66,356,-733,69,356
776,ambiguous,-745,66,381,-745,69,381
792,ambiguous,-742,67,424,-742,70,424
799,ambiguous,-777,66,403,-777,69,403
813,ambiguous,-777,66,408,-777,69,408
831,ambiguous,-1076,64,485,-1076,67,485
837,ambiguous,-727,66,364,-727,69,364
869,ambiguous,-744,66,368,-744,69,368
909,ambiguous,-739,66,378,-739,69,378
940,ambiguous,-774,66,402,-774,69,402
947,ambiguous,-753,67,424,-753,70,424
951,ambiguous,-728,66,351,-728,69,351
982,ambiguous,-753,67,411,-753,70,411
1131,ambiguous,-868,79,198,-866,80,198
1144,ambiguous,-881,63,92,-880,64,92
1147,ambiguous,-895,91,188,-894,92,188
1169,ambiguous,-1020,62,18,-1020,63,19
1185,ambiguous,-888,63,426,-888,66,426
1199,ambiguous,-706,66,393,-706,69,393
1249,ambiguous,-737,67,424,-737,70,424
1266,ambiguous,-739,66,368,-739,69,368
1332,ambiguous,-748,67,424,-748,70,424
1362,ambiguous,-750,66,378,-750,69,378
1439,ambiguous,-777,66,429,-777,69,429
1467,ambiguous,-1076,64,487,-1076,67,487
1563,ambiguous,-716,66,382,-716,69,382
1573,ambiguous,-733,66,361,-733,69,361
1647,ambiguous,-778,66,413,-778,67,414
1721,ambiguous,-840,66,493,-840,67,494
1726,ambiguous,-716,66,388,-716,69,388
1753,ambiguous,-773,66,429,-773,69,429
1755,ambiguous,-926,98,183,-925,100,183
1883,ambiguous,-1177,65,106,-1177,68,106
1938,ambiguous,-787,66,392,-787,69,392
2041,ambiguous,-706,66,382,-706,69,382
2052,ambiguous,-735,66,370,-735,69,370
2151,ambiguous,-755,66,368,-755,69,368
2166,ambiguous,-721,66,393,-721,69,393
2221,ambiguous,-759,66,370,-759,69,370
2259,ambiguous,-782,66,392,-782,69,392
2417,ambiguous,-750,66,368,-750,69,368
2447,ambiguous,-719,66,378,-719,69,378
2489,ambiguous,-721,66,386,-721,69,386
2536,ambiguous,-717,66,361,-717,69,361
2541,ambiguous,-777,66,392,-777,69,392
2630,ambiguous,-706,66,398,-706,69,398
2750,ambiguous,-742,67,414,-742,70,414
2754,ambiguous,-723,66,364,-723,69,364
2756,ambiguous,-787,66,403,-787,69,403
2780,ambiguous,-722,66,361,-722,69,361
2910,ambiguous,-1078,64,420,-1078,67,420
2984,ambiguous,-737,67,414,-737,70,414
3153,ambiguous,-787,66,397,-787,69,397
3222,ambiguous,-706,66,387,-706,69,387
3328,ambiguous,-719,66,382,-719,69,382
3371,ambiguous,-749,66,381,-749,69,381
3427,ambiguous,-739,65,396,-739,68,396
3445,ambiguous,-716,66,398,-716,69,398
3490,ambiguous,-728,66,361,-728,69,361
3497,ambiguous,-758,67,414,-758,70,414
3525,ambiguous,-777,66,397,-777,69,397
3541,ambiguous,-693,67,619,-693,70,619
3600,ambiguous,-711,66,398,-711,69,398
3688,ambiguous,-787,66,408,-787,69,408
3713,ambiguous,-753,67,414,-753,70,414
3843,ambiguous,-737,67,419,-737,70,419
3857,ambiguous,-777,66,415,-777,67,416
31,ambiguous,-958,63,430,-957,64,430
210,ambiguous,-760,67,436,-760,69,436
513,ambiguous,-776,66,417,-776,68,417
586,ambiguous,-768,64,491,-767,65,491
619,ambiguous,-763,66,404,-763,68,404
790,ambiguous,-773,66,432,-773,68,432
861,ambiguous,-1072,75,356,-1072,77,356
1078,ambiguous,-722,81,658,-722,83,658
1234,ambiguous,-846,63,105,-846,65,105
1295,ambiguous,-900,91,214,-900,93,214
1316,ambiguous,-762,66,432,-762,68,432
1478,ambiguous,-1067,64,525,-1067,66,525
1522,ambiguous,-921,95,176,-921,97,176
1636,ambiguous,-775,65,396,-775,67,396
2149,ambiguous,-839,66,495,-839,68,495
2201,ambiguous,-863,78,201,-863,80,201
2285,ambiguous,-757,66,432,-757,68,432
2350,ambiguous,-978,128,237,-978,130,237
2483,ambiguous,-897,91,187,-896,92,187
2628,ambiguous,-849,62,309,-849,64,309
2632,ambiguous,-999,76,565,-999,78,565
2642,ambiguous,-761,66,405,-761,68,405
2691,ambiguous,-903,63,712,-903,65,712
2885,ambiguous,-802,62,721,-802,63,722
2962,ambiguous,-779,65,394,-779,67,394
2975,ambiguous,-687,72,673,-687,74,673
2982,ambiguous,-773,66,442,-773,68,442
3360,ambiguous,-890,90,532,-890,92,532
3432,ambiguous,-889,90,533,-889,92,533
3439,ambiguous,-737,65,379,-737,67,379
3601,ambiguous,-1047,70,66,-1047,72,66
3649,ambiguous,-762,66,442,-762,68,442
3794,ambiguous,-757,66,442,-757,68,442
3820,ambiguous,-970,82,133,-970,84,133
77,ambiguous,-801,65,203,-801,66,203
178,ambiguous,-696,64,328,-695,64,328
216,ambiguous,-977,126,231,-977,127,231
405,ambiguous,-676,65,509,-676,65,510
426,ambiguous,-995,77,570,-995,77,571
437,ambiguous,-819,65,292,-818,65,292
451,ambiguous,-994,78,571,-994,78,572
504,ambiguous,-1068,78,327,-1068,79,327
539,ambiguous,-1093,67,369,-1093,67,370
612,ambiguous,-1024,66,617,-1023,66,617
687,ambiguous,-867,64,726,-867,65,726
757,ambiguous,-919,96,182,-919,97,182
821,ambiguous,-737,64,369,-737,65,369
823,ambiguous,-708,65,427,-708,66,427
849,ambiguous,-885,70,707,-885,71,707
855,ambiguous,-1119,105,196,-1118,105,196
1325,ambiguous,-776,66,435,-776,67,435
1327,ambiguous,-1087,68,370,-1087,68,371
1337,ambiguous,-1066,74,91,-1066,75,91
1391,ambiguous,-1213,64,225,-1213,64,226
1418,ambiguous,-680,62,327,-680,63,327
1434,ambiguous,-942,86,297,-942,86,298
1442,ambiguous,-1000,70,79,-1000,71,79
1533,ambiguous,-815,65,294,-815,66,294
1682,ambiguous,-1212,64,227,-1212,65,227
1900,ambiguous,-721,66,506,-720,66,506
1910,ambiguous,-898,92,186,-898,93,186
1924,ambiguous,-1000,73,86,-1000,74,86
1927,ambiguous,-933,84,292,-933,85,292
1993,ambiguous,-1109,96,254,-1108,96,254
2011,ambiguous,-817,65,293,-816,65,293
2115,ambiguous,-902,66,379,-901,66,379
2222,ambiguous,-977,128,249,-977,128,250
2332,ambiguous,-834,65,267,-834,65,268
2361,ambiguous,-958,65,436,-957,65,436
2430,ambiguous,-766,67,429,-765,67,429
2433,ambiguous,-1033,65,54,-1033,65,55
2515,ambiguous,-726,83,661,-725,83,661
2545,ambiguous,-879,64,93,-878,64,93
2561,ambiguous,-1127,64,56,-1127,64,57
2573,ambiguous,-978,126,230,-978,127,230
2596,ambiguous,-674,65,506,-674,66,506
2607,ambiguous,-835,68,232,-835,68,233
2618,ambiguous,-766,67,438,-766,68,438
2707,ambiguous,-900,66,380,-900,67,380
2752,ambiguous,-779,66,466,-778,66,466
2843,ambiguous,-675,65,507,-675,65,508
2855,ambiguous,-1214,64,223,-1214,64,224
2875,ambiguous,-698,64,329,-697,64,329
2879,ambiguous,-1044,64,468,-1044,64,469
2888,ambiguous,-800,63,718,-800,64,718
2927,ambiguous,-1170,62,290,-1170,63,290
2983,ambiguous,-842,65,132,-842,66,132
2988,ambiguous,-957,64,83,-956,64,83
2991,ambiguous,-955,65,429,-955,65,430
3037,ambiguous,-884,70,708,-884,71,708
3040,ambiguous,-781,66,467,-780,66,467
3094,ambiguous,-801,63,719,-801,63,720
3103,ambiguous,-699,64,330,-699,65,330
3154,ambiguous,-904,66,378,-903,66,378
3182,ambiguous,-1126,64,58,-1126,64,59
3184,ambiguous,-844,66,370,-843,66,370
3265,ambiguous,-880,70,253,-879,70,253
3272,ambiguous,-907,67,450,-907,68,450
3352,ambiguous,-846,66,371,-845,66,371
3383,ambiguous,-977,84,138,-976,84,138
3442,ambiguous,-1150,73,119,-1150,74,119
3532,ambiguous,-1032,65,52,-1032,65,53
3584,ambiguous,-1000,74,538,-999,74,538
3775,ambiguous,-1150,76,126,-1150,77,126
3811,ambiguous,-773,67,438,-773,67,439
3832,ambiguous,-1128,64,55,-1128,65,55
3841,ambiguous,-687,63,608,-687,64,608
4090,ambiguous,-650,62,520,-650,63,520
4225,ambiguous,-877,64,94,-877,65,94
171,ambiguous,-1024,64,635,-1024,64,635
440,ambiguous,-742,65,369,-742,65,369
464,ambiguous,-1028,64,620,-1028,64,620
528,ambiguous,-1186,66,183,-1186,66,183
555,ambiguous,-974,67,472,-974,67,472
565,ambiguous,-898,85,514,-898,85,514
570,ambiguous,-807,64,493,-807,64,493
674,ambiguous,-1003,72,83,-1003,72,83
760,ambiguous,-924,99,188,-924,99,188
761,ambiguous,-767,66,432,-767,66,432
811,ambiguous,-833,65,269,-833,65,269
825,ambiguous,-853,64,98,-853,64,98
883,ambiguous,-1043,65,467,-1043,65,467
910,ambiguous,-712,66,550,-712,66,550
916,ambiguous,-777,66,395,-777,66,395
1022,ambiguous,-816,67,509,-816,67,509
1044,ambiguous,-727,84,662,-727,84,662
1099,ambiguous,-913,68,448,-913,68,448
1108,ambiguous,-719,65,479,-719,65,479
1179,ambiguous,-690,72,668,-690,72,668
1180,ambiguous,-1088,64,481,-1088,64,481
1186,ambiguous,-824,66,260,-824,66,260
1244,ambiguous,-794,65,215,-794,65,215
1342,ambiguous,-1136,63,509,-1136,63,509
1349,ambiguous,-813,64,390,-813,64,390
1363,ambiguous,-883,68,450,-883,68,450
1441,ambiguous,-713,66,543,-713,66,543
1513,ambiguous,-747,65,317,-747,65,317
1574,ambiguous,-714,73,691,-714,73,691
1620,ambiguous,-1185,70,165,-1185,70,165
1648,ambiguous,-762,67,439,-762,67,439
1718,ambiguous,-1152,74,121,-1152,74,121
1768,ambiguous,-891,92,539,-891,92,539
1781,ambiguous,-737,64,374,-737,64,374
1795,ambiguous,-899,66,702,-899,66,702
1858,ambiguous,-869,80,199,-869,80,199
1874,ambiguous,-874,66,363,-874,66,363
1888,ambiguous,-920,97,183,-920,97,183
1919,ambiguous,-1110,65,95,-1110,65,95
2021,ambiguous,-895,70,699,-895,70,699
2046,ambiguous,-724,65,337,-724,65,337
2073,ambiguous,-900,66,703,-900,66,703
2121,ambiguous,-820,63,127,-820,63,127
2130,ambiguous,-742,64,279,-742,64,279
2141,ambiguous,-885,68,456,-885,68,456
2160,ambiguous,-1082,64,467,-1082,64,467
2215,ambiguous,-753,65,369,-753,65,369
2251,ambiguous,-723,65,338,-723,65,338
2297,ambiguous,-1112,65,89,-1112,65,89
2312,ambiguous,-802,66,210,-802,66,210
2323,ambiguous,-1153,69,259,-1153,69,259
2346,ambiguous,-730,65,339,-730,65,339
2357,ambiguous,-1196,65,217,-1196,65,217
2376,ambiguous,-709,65,570,-709,65,570
2394,ambiguous,-777,66,432,-777,66,432
2404,ambiguous,-907,92,163,-907,92,163
2416,ambiguous,-901,92,161,-901,92,161
2461,ambiguous,-1121,64,428,-1121,64,428
2473,ambiguous,-748,65,369,-748,65,369
2490,ambiguous,-698,65,471,-698,65,471
2535,ambiguous,-755,65,394,-755,65,394
2560,ambiguous,-977,70,647,-977,70,647
2587,ambiguous,-936,83,304,-936,83,304
2606,ambiguous,-1003,72,81,-1003,72,81
2610,ambiguous,-1112,96,257,-1112,96,257
2620,ambiguous,-1106,96,255,-1106,96,255
2686,ambiguous,-769,67,437,-769,67,437
2728,ambiguous,-726,64,286,-726,64,286
2765,ambiguous,-975,67,471,-975,67,471
2788,ambiguous,-1120,64,421,-1120,64,421
2797,ambiguous,-753,65,379,-753,65,379
2801,ambiguous,-888,68,261,-888,68,261
2847,ambiguous,-1119,64,422,-1119,64,422
2865,ambiguous,-727,64,287,-727,64,287
2876,ambiguous,-1105,96,256,-1105,96,256
2877,ambiguous,-796,65,235,-796,65,235
2882,ambiguous,-1074,79,329,-1074,79,329
2899,ambiguous,-839,66,278,-839,66,278
2902,ambiguous,-686,71,673,-686,71,673
2916,ambiguous,-757,66,437,-757,66,437
2918,ambiguous,-755,63,260,-755,63,260
2920,ambiguous,-711,66,549,-711,66,549
2943,ambiguous,-1066,63,531,-1066,63,531
2996,ambiguous,-755,65,388,-755,65,388
2997,ambiguous,-1018,64,633,-1018,64,633
3081,ambiguous,-778,62,717,-778,62,717
3110,ambiguous,-1067,63,532,-1067,63,532
3117,ambiguous,-1017,64,634,-1017,64,634
3129,ambiguous,-728,64,280,-728,64,280
3135,ambiguous,-911,66,702,-911,66,702
3140,ambiguous,-768,66,442,-768,66,442
3183,ambiguous,-884,68,449,-884,68,449
3200,ambiguous,-665,64,369,-665,64,369
3237,ambiguous,-958,63,76,-958,63,76
3276,ambiguous,-1111,65,88,-1111,65,88
3300,ambiguous,-1075,79,328,-1075,79,328
3336,ambiguous,-753,65,374,-753,65,374
3367,ambiguous,-822,64,392,-822,64,392
3389,ambiguous,-908,92,162,-908,92,162
3404,ambiguous,-881,66,364,-881,66,364
3421,ambiguous,-854,64,91,-854,64,91
3470,ambiguous,-701,66,428,-701,66,428
3502,ambiguous,-848,65,408,-848,65,408
3519,ambiguous,-1125,102,202,-1125,102,202
3542,ambiguous,-1028,129,211,-1028,129,211
3551,ambiguous,-1107,97,253,-1107,97,253
3575,ambiguous,-774,67,426,-774,67,426
3589,ambiguous,-702,66,429,-702,66,429
3607,ambiguous,-855,64,92,-855,64,92
3642,ambiguous,-1151,74,120,-1151,74,120
3658,ambiguous,-758,67,439,-758,67,439
3704,ambiguous,-691,64,605,-691,64,605
3705,ambiguous,-897,67,701,-897,67,701
3742,ambiguous,-1194,65,208,-1194,65,208
3760,ambiguous,-749,64,264,-749,64,264
3767,ambiguous,-803,66,209,-803,66,209
3774,ambiguous,-1011,66,374,-1011,66,374
3805,ambiguous,-750,63,264,-750,63,264
3836,ambiguous,-845,66,276,-845,66,276
3882,ambiguous,-880,66,365,-880,66,365
3921,ambiguous,-846,66,277,-846,66,277
3926,ambiguous,-1001,65,632,-1001,65,632
3938,ambiguous,-759,67,441,-759,67,441
3958,ambiguous,-792,65,281,-792,65,281
4033,ambiguous,-1147,69,87,-1147,69,87
4059,ambiguous,-1001,71,80,-1001,71,80
4160,ambiguous,-956,64,429,-956,64,429
4176,ambiguous,-814,67,515,-814,67,515
4179,ambiguous,-656,65,454,-656,65,454
4202,ambiguous,-914,68,449,-914,68,449
4204,ambiguous,-895,84,514,-895,84,514
4205,ambiguous,-775,66,392,-775,66,392
4235,ambiguous,-1050,63,600,-1050,63,600
4241,ambiguous,-1063,130,174,-1063,130,174
4249,ambiguous,-1174,72,149,-1174,72,149
4268,ambiguous,-815,67,516,-815,67,516
29,confident_tree,-1044,65,523,-989,105,557
12,confident_tree,-853,55,722,-823,99,763
40,confident_tree,-1077,126,162,-1043,163,223
46,confident_tree,-992,117,237,-958,159,294
106,confident_tree,-816,64,486,-761,98,519
85,confident_tree,-797,63,251,-737,97,284
55,confident_tree,-1066,58,592,-1012,96,625
50,confident_tree,-1177,60,252,-1145,96,306
33,confident_tree,-1112,64,359,-1078,98,414
27,confident_tree,-1018,61,624,-963,98,658
107,confident_tree,-967,61,70,-918,95,102
39,confident_tree,-754,64,459,-711,98,496
110,confident_tree,-1183,69,148,-1135,110,183
118,confident_tree,-941,81,494,-893,121,524
117,confident_tree,-917,64,699,-867,89,714
64,confident_tree,-832,61,115,-807,86,175
81,confident_tree,-691,63,598,-661,98,642
24,confident_tree,-730,69,663,-682,105,696
74,confident_tree,-702,64,442,-674,97,489
6,confident_tree,-1068,125,217,-1040,162,256
5,confident_tree,-1169,59,481,-1129,95,513
179,confident_tree,-912,67,262,-883,101,301
38,confident_tree,-1137,63,408,-1112,83,433
235,confident_tree,-735,80,642,-717,101,670
48,confident_tree,-901,62,443,-873,86,462
153,confident_tree,-937,94,171,-912,115,189
71,confident_tree,-810,63,198,-785,84,216
220,confident_tree,-1029,63,623,-1011,82,651
75,confident_tree,-1130,99,190,-1112,120,218
125,confident_tree,-920,66,438,-902,86,466
36,confident_tree,-983,78,116,-965,99,144
17,confident_tree,-852,64,266,-834,84,294
51,confident_tree,-986,64,461,-968,85,489
145,confident_tree,-698,69,660,-670,89,678
15,confident_tree,-865,63,85,-837,82,104
58,confident_tree,-729,66,538,-701,84,556
136,confident_tree,-887,66,347,-869,84,375
7,confident_tree,-1084,63,520,-1056,81,538
126,confident_tree,-1122,65,82,-1094,83,100
92,confident_tree,-1011,69,72,-982,89,88
8,confident_tree,-995,126,224,-967,145,240
124,confident_tree,-1040,64,39,-1008,85,60
95,confident_tree,-1069,66,58,-1038,87,78
144,confident_tree,-1006,67,498,-986,86,529
68,confident_tree,-863,71,537,-845,90,568
72,confident_tree,-1150,61,43,-1121,80,63
20,confident_tree,-855,62,97,-824,80,117
82,confident_tree,-987,62,40,-970,80,71
166,confident_tree,-683,64,494,-652,81,514
56,confident_tree,-1099,63,462,-1080,80,490
191,confident_tree,-1043,61,12,-1012,79,32
230,confident_tree,-785,66,409,-754,83,429
147,confident_tree,-809,59,707,-778,79,726
169,confident_tree,-800,63,216,-784,80,244
96,confident_tree,-711,64,321,-693,80,350
16,confident_tree,-883,64,85,-865,80,113
21,confident_tree,-662,65,445,-644,80,474
60,confident_tree,-1052,64,455,-1023,80,475
130,confident_tree,-1088,71,83,-1057,90,101
151,confident_tree,-1082,64,396,-1054,80,415
228,confident_tree,-911,91,195,-892,108,223
65,confident_tree,-943,66,407,-928,80,435
260,confident_tree,-996,85,319,-968,101,334
225,confident_tree,-1027,129,205,-1007,138,231
207,confident_tree,-842,73,191,-833,94,198
160,confident_tree,-1119,99,226,-1112,120,235
109,confident_tree,-1061,64,504,-1052,85,511
165,confident_tree,-997,124,201,-988,145,208
304,confident_tree,-1039,131,254,-1030,152,261
149,confident_tree,-972,74,343,-965,95,352
239,confident_tree,-926,64,381,-917,85,388
273,confident_tree,-1138,63,455,-1129,84,462
122,confident_tree,-1136,95,223,-1127,116,230
284,confident_tree,-1090,80,103,-1081,101,110
9,confident_tree,-868,68,498,-859,88,505
11,confident_tree,-669,64,351,-660,84,358
123,confident_tree,-761,67,357,-754,87,366
128,confident_tree,-1046,126,169,-1037,146,176
172,confident_tree,-882,66,398,-873,86,405
181,confident_tree,-897,66,349,-890,86,358
188,confident_tree,-803,65,324,-794,85,331
204,confident_tree,-1043,64,403,-1034,84,410
209,confident_tree,-727,66,406,-720,86,415
265,confident_tree,-1130,63,468,-1123,83,477
276,confident_tree,-659,64,399,-652,84,408
293,confident_tree,-744,74,613,-737,94,622
349,confident_tree,-677,65,425,-668,85,432
357,confident_tree,-1070,65,488,-1061,85,495
137,confident_tree,-843,71,544,-834,91,551
180,confident_tree,-864,72,156,-855,93,163
247,confident_tree,-683,68,648,-674,88,655
469,confident_tree,-789,65,327,-782,85,336
275,confident_tree,-923,68,325,-916,89,334
307,confident_tree,-1038,64,558,-1031,85,567
94,confident_tree,-784,66,369,-775,86,376
97,confident_tree,-1072,65,47,-1065,85,56
318,confident_tree,-1002,80,104,-995,100,113
433,confident_tree,-847,75,568,-838,95,575
227,confident_tree,-724,65,529,-717,85,538
305,confident_tree,-1101,75,317,-1094,95,326
57,confident_tree,-890,66,461,-883,86,470
140,confident_tree,-712,73,638,-703,93,645
142,confident_tree,-1121,65,444,-1114,84,453
289,confident_tree,-961,67,454,-952,86,461
192,confident_tree,-1130,63,497,-1118,76,507
446,confident_tree,-1060,70,367,-1051,88,374
377,confident_tree,-977,66,387,-968,84,394
131,confident_tree,-1000,67,480,-993,84,489
113,confident_tree,-886,65,424,-876,84,430
723,confident_tree,-713,69,617,-707,89,627
233,confident_tree,-696,67,620,-690,87,630
375,confident_tree,-861,64,438,-855,83,448
134,confident_tree,-744,64,493,-734,83,502
281,confident_tree,-1085,63,24,-1075,81,30
309,confident_tree,-879,63,723,-868,82,728
351,confident_tree,-651,63,474,-641,82,480
203,confident_tree,-1128,66,104,-1118,85,110
80,confident_tree,-674,65,463,-666,82,473
150,confident_tree,-866,64,282,-856,82,288
237,confident_tree,-1214,62,161,-1208,80,171
45,confident_tree,-956,66,428,-950,84,438
173,confident_tree,-1122,63,362,-1116,81,372
384,confident_tree,-729,65,429,-723,83,439
327,confident_tree,-1101,63,495,-1091,81,501
52,confident_tree,-1129,63,490,-1123,80,500
79,confident_tree,-760,66,514,-750,83,520
158,confident_tree,-921,66,356,-915,83,366
162,confident_tree,-799,66,375,-789,83,381
186,confident_tree,-930,82,257,-920,99,263
195,confident_tree,-1116,64,55,-1110,81,65
221,confident_tree,-845,72,170,-835,89,176
223,confident_tree,-1063,113,139,-1053,131,145
272,confident_tree,-728,70,598,-722,87,608
290,confident_tree,-919,66,404,-909,83,410
319,confident_tree,-1092,64,47,-1082,81,53
350,confident_tree,-836,64,126,-830,81,136
417,confident_tree,-838,66,367,-828,83,373
420,confident_tree,-954,67,378,-948,84,388
511,confident_tree,-1056,64,549,-1046,81,555
62,confident_tree,-776,65,282,-766,81,288
177,confident_tree,-1043,66,503,-1037,83,513
246,confident_tree,-654,64,384,-648,81,393
236,confident_tree,-731,64,300,-725,81,310
344,confident_tree,-999,130,263,-993,147,273
288,confident_tree,-1042,79,337,-1032,96,343
321,confident_tree,-1070,64,458,-1061,81,463
434,confident_tree,-1064,63,420,-1058,81,430
84,confident_tree,-1002,131,249,-993,148,254
463,confident_tree,-853,69,523,-844,86,528
245,confident_tree,-962,83,142,-952,100,148
382,confident_tree,-1038,63,619,-1033,80,628
312,confident_tree,-657,64,364,-648,80,369
486,confident_tree,-1023,67,483,-1014,83,488
59,confident_tree,-1159,70,95,-1154,86,104
243,confident_tree,-826,69,209,-817,85,214
280,confident_tree,-927,95,206,-917,112,212
119,confident_tree,-1185,71,155,-1180,87,164
108,confident_tree,-936,75,125,-932,91,133
452,confident_tree,-1022,125,190,-1018,141,198
87,confident_tree,-1172,73,140,-1168,89,148
104,confident_tree,-911,66,697,-895,74,703
283,confident_tree,-981,72,102,-973,88,106
439,confident_tree,-1105,110,188,-1097,126,192
184,confident_tree,-1155,65,80,-1147,81,84
201,confident_tree,-885,66,709,-880,76,715
90,confident_tree,-1151,71,112,-1146,79,118
505,confident_tree,-731,64,288,-726,69,294
676,confident_tree,-1133,95,165,-1129,100,167
589,confident_tree,-855,73,550,-854,78,552
1111,confident_tree,-702,65,337,-701,68,339
2443,confident_tree,-749,66,409,-749,70,409
441,confident_tree,-736,64,395,-736,67,395
922,confident_tree,-755,66,378,-755,69,378
1675,confident_tree,-759,66,376,-759,69,376
1945,confident_tree,-1130,93,158,-1130,93,159
3891,confident_tree,-849,109,682,-849,109,682
